Id,Daerah Asal,Judul Resep,Bahan,Langkah Pembuatan
1,Aceh,Mie Aceh,"1 bungkus mie kering pipih, ¼  buah kubis, iris, 50 gr tauge, 5 buah bakso sapi, 10 ekor udang, 5 ekor cumi-cumi, 50 gr daging ayam tanpa tulang, 1 butir telur, 3 sdm kecap manis, 1,5 sdm kecap ikan, 1 sdt gula pasir, 1 sdt garam, ½ sdt kaldu rasa sapi, ½ sdt lada hitam bubuk, 1.5 sdt bubuk kari, 2 batang daun bawang, 5 siung bawang merah, iris, 1 buah tomat, 2 batang seledri, 500 ml air, 10 buah cabe keriting kering, 8 buah cabe merah keriting segar, 7 siung bawang merah, 3 siung bawang putih, 3 butir kemiri, 50 ml minyak goreng, Kacang tanah goreng secukupnya, Acar timun secukupnya, Kerupuk secukupnya","Siapkan bahan bumbu halus. Blender hingga halus dengan tambahan minyak goreng. Selanjutnya, tumis bumbu hingga matang. Angkat dan sisihkan terlebih dulu. Siapkan mie, rebus mie sebentar dan jangan terlalu lembek. Tiriskan. Siapkan wajan yang sudah berisi minyak panas. Tumis ayam, udang, dan cumi. Aduk hingga semua bahan matang. Masukkan bahan tambahan, seperti bakso, daun bawang, bawang merah iris, bumbu halus, dan tomat. Aduk hingga rata. Tambahkan kecap manis, kecap ikan, gula, garam, bubuk kari, dan kaldu bubuk. Aduk rata. Masukkan air, aduk hingga tercampur rata. Terakhir, masukkan kubis, tauge, mie dan irisan daun seledri. Aduk hingga semua bahan merata.  Mie Aceh siap disajikan."
2,Aceh,Ayam Tangkap,"500 gr dada ayam, 5 siung bawang merah, 3 siung bawang putih, 4 butir kemiri bakar, 5 cm lengkuas, 250 ml air kelapa, 1 sdt garam, 4 lembar daun pandan, 1 genggam daun kari kering, minyak goreng","Siapkan ayam yang sudah dicuci bersih. Potong menjadi beberapa bagian. Rebus ayam dengan air kelapa dan garam hingga air menyusut. Setelah air menyusut, goreng ayam dan bumbunya dengan minyak sampai ayam terendam. Masukkan juga daun pandan dan daun kari ke dalam gorengan ayam agar lebih wangi. Goreng dan balik ayam hingga bumbu mengering dan warna ayam berubah menjadi kecoklatan. Angkat dan tiriskan ayam dari minyak. Ayam tangkap siap disajikan."
3,Aceh,Pacri Nanas,"1 buah nanas matang, 3 sdm kelapa sangrai atau koya kelapa, 1 sdm gula merah, 1 sdt bubuk kari, ½ sdt bubuk kiamis, boleh pakai 2 cm kiamis batang, 300 ml air, Secukupnya garam, Secukupnya gula, 3 biji kapulaga, 3 biji cengkeh, 1 biji pekak, 6 buah cabai merah keriting, 5 siung bawang merah, 3 siung bawang putih, Secukupnya minyak untuk menumis","Pertama-tama, potong nanas menjadi 4 bagian. Hilangkan juga inti buah nanas dan potong setebal 1 cm. Haluskan bawang merah, bawang putih, dan cabai merah keriting. Panaskan minyak dalam wajan dan masukkan bumbu, tumis hingga harum dan halus.Masukkan nanas. Aduk hingga merata. Setelah itu, tambahkan juga rempah, seperti kapulaga, cengkeh, dan bunga lawang. Aduk rata kembali. Tambahkan air dan masak hingga mendidih. Tambahkan bubuk kayu manis dan bubuk kari. Aduk rata. Masukan bumbu penyedap, gula merah, dan garam. Tes rasa sambil terus diaduk. Terakhir, masukkan bubuk koya kelapa. Aduk rata, masak hingga kuah menyusut."
4,Aceh,Gulai Kambing,"300 gr daging kambing (potong dadu 3 cm), 1 batang serai (memarkan), 4 lembar daun jeruk, 1 sdm air asam jawa, 3 sdm kecap manis, 1 ½ liter santan encer dari 1 butir kelapa, 4 sdm minyak (untuk menumis), 2 sdt garam, ½ sdt merica putih bubuk, 6 butir bawang merah, 4 siung bawang putih, 2 buah cabai hijau, 3 buah cabai merah, 3 butir kemiri, ¼ sdt jinten, 1 buah pekak, 1 cm jahe, 2 butir cengkeh, 3 cm kiamis, 1 butir kapulaga, 2 cm kunyit",Tumis bumbu yang harus dihaluskan pada minyak panas dalam panci. Tambahkan serai dan daun jeruk. Masukkan air asam jawa dan juga daging kambing ke dalam panci. Masak hingga berubah warna. Tambahkan kecap dan santan. Aduk dan masak hingga daging empuk. Sajikan gulai kambing selagi panas.
5,Aceh,Bubur Kanji Rumbi,"50 gram beras putih, 50 gram daging sapi (potong dadu), 50 gram wortel (potong dadu), 50 gram kentang (potong dadu), 1500 ml air mendidih, 100 ml susu cair bisa diganti santan atau krimer nabati, ½ sdt secukupnya garam, ? sdm bubuk ketumbar, ? sdt bubuk pala, ? sdt bubuk jinten putih, 2 biji cengkeh, 2 biji kapulaga, 1 buah pekak, Seruas jari kiamis, Seruas jari jahe (keprok), ½ batang serai (keprok), 2 siung bawang putih, 1 siung bawang putih, 1 batang bawang prei, 1 tangkai seledri, ½ buah tomat","Hal pertama yang harus kamu lakukan adalah merebus daging dengan sedikit air yang mendidih. Lalu, buang air rebusannya. Rebus kembali daging dengan air mendidih hingga empuk menggunakan api yang sedang.  Tambahkan beras ke dalam rebusan daging, masak beras hingga mekar dan jangan lupa untuk diaduk. Tambahkan juga wortel dan bumbunya (bumbu bubuk dan bumbu utuh). Jika beras sudah terlihat hancur, tambahkan bawang merah dan bawang putih dan masak hingga 10 menit.  Setelah 10 menit, tambahkan susu dan tomat. Masak bubur hingga mengental. Ketika adonan sudah mulai mengental (berbentuk bubur), kamu bisa tambahkan daun bawang, seledri, dan garam. Aduk lagi hingga rata. Sajikan bubur kanji rumbi dengan taburan bawang merah goreng."
6,Aceh,Tumis Keumamah,"150 gram ikan kayu (ikan tongkol kering), 1 buah kentang, 2 siung bawang merah, 2 batang daun kari, 1 buah belimbing wuluh, 3 buah cabai hijau, 1 lembar daun pandan, 500 ml air, 4 siung bawang merah, 2 siung bawang putih, 5 buah cabai merah keriting, 10 buah cabai rawit hijau, 1 sdm ketumbar, 2 ruas jari kunyit, 1 ruas jari jahe, 1 sdm garam, ¼ sdt merica bubuk, ¼ sdt jintan bubuk, ¼ sdt adas manis, 7 buah asam sunti (asam belimbing wuluh yang kering)","Potong ikan kayu sesuai selera. Siapkan bahan yang hendak dihaluskan, giling hingga semua bahan halus. Iris kembali bawang merah, cabe hijau, dan belimbing wuluh. Tumis bumbu merah hingga tercium aroma wangi. Masukkan bumbu giling, tumis hingga wangi. Tambahkan daun dalam, daun pandan, dan ikan kayu. Masak hingga bumbu meresap. Masukkan air dan kentang, masak hingga tekstur kentang berubah empuk. Terakhir, tambahkan perasan jeruk nipis, belimbing wuluh, dan potongan cabe hijau. Sajikan selagi hangat."
7,Aceh,Soto Aceh,"650 gram ayam, 2 siung bawang putih, haluskan, 1 sdt kunyit, 4 biji asam jawa, 1 sdt garam, 200 ml air, 2 siung bawang merah, iris tipis, 1 buah wortel, potong, 2 buah kentang ukuran besar, 3 batang daun bawang, 2 batang daun seledri, 2 buah tomat, potong, 1 sdm garam, 2 liter santan encer, 6 siung bawang merah, 3 siung bawang putih, ½ sdt merica bubuk, 5 buah cabai rawit hijau, 1 sdt kunyit bubuk, 1 sdt ketumbar butiran, 2 buah kemiri, 1 ruas jari jahe, ? sdt jintan, ¼ sdt pala bubuk, 2 ruas jari lengkuas, 2 lembar daun salam, 1 batang serai, 3 lembar daun jeruk, 3 buah kapulaga, 3 cm kiamis, 4 buah cengkeh, 2 buah pekak","Campurkan semua bahan ungkep. Lalu, ungkep ayam hingga kuash menyusut. Suwir ayam yang sudah diungkep. Giling bumbu halus dengan tambahan garam hingga teksturnya halus. Kemudian, tumis bawah merah yang sudah diiris hingga wangi, masukkan bumbu halus dan tumis hingga harum.  Masukkan bumbu rempah, aduk kembali. Masukkan santan, sambil diaduk tunggu kuah hingga mendidih.  Masukkan ayam, kentang, wortel, dan masak hingga semua bahan empuk. Terakhir masukkan irisan tomat segar, seledri, dan bawang. Masak terus soto hingga mendidih. Sajikan soto dengan tambahan perkedel, tauge, dan juga perasan jeruk nipis"
8,Aceh,Kuah Sie Itek,"1 ekor itik bebek atau ayam, 25 gram kelapa gongseng, 1 gelas santan kental, Minyak secukupnya (untuk menumis), 50 gram ketumbar, 1 sdm lada putih merica, 3 sdm jintan, 1 sdm jintan ikan, 6 butir kapulaga putih, 3 butir pekak keeling pekak, star anise, 1 butir biji pala, 3 siung bawang merah, 5 siung bawang putih, 10 cabai merah kering, 1 kelingking kiamis, 1 kelingking kunyit, 1 kelingking jahe, 5 butir kemiri, 1 batang serai , 1 genggam daun temurui, 5 lembar daun pandan, Garam secukupnya","Bersihkan daging bebek atau ayam. Potong-potong menjadi beberapa bagian. Ikat potongan daging dengan daun pandan. Semua bahan untuk bumbu ditumbuk menjadi satu. Kecuali, batang serai, kayu manis, dan temurui yah. Tumis bumbu yang sudah dihaluskan. Lalu, masukkan potongan bebek.  Tambahkan santan hingga daging terendam. Masukkan serai, kayu manis, dan temurui. Aduk rata. Masak terus dengan api kecil sampai daging matang dan empuk."
9,Aceh,Kuah Plik Eungkot Suree,"1 ekor ikan tongkol yang sudah direbus, 5 sdm plik atau patarana atau kelapa yang difermentasi, 1 batang serai (geprek), 2 batang daun kari, 2 lembar daun jeruk (sobek), 3 buah terong tunjuk (potong-potong), 3 buah cabai hijau, belah 2, 1 bungkus santan instan kara 65 ml, 600 ml air, 6 lembar daun pepaya jepang (iris-iris), 1 sdm garam, ½ sdt gula pasir, 1 sdt kaldu bubuk, 7 buah cabai rawit, 2 buah cabai merah ½ sdt lada bubuk, 1 sdt ketumbar bubuk, 1 keping asam sunti, 2 ruas jari kunyit, 3 siung bawang merah, 2 siung bawang putih","Cuci plik dengan air manas sebanyak dua kali. Lalu, rendam plik kembali dengan air panas selama 5 menit (untuk menghilangkan bau plik) Sediakan panci, masukkan terong, ikan tongkol (belh menjadi dua bagian), dan cabe hijau. Tuang bumbu halus, daun kari, serai, dan daun jeruk. Blender plik dengan tambahan santan. Sarong dan masukkan ke dalam panci. Tuang air jus plik sedikit-demi sedikit. Masak hingga matang dan mendidih. Jangan lupa diaduk agar santan tidak pecah. Bumbui hidangan dengan gula, garam, dan kaldu bubuk sesuai selera. Sajikan."
10,Aceh,Gulai Patarana Aceh,"1 buah terong ungu, 1 buah labu siam, 1 ikat kacang panjang, 1 genggam buah melinjo, 100 gr daun melinjo, 200 gr patarana atau pliek , 1 liter santan cair, 200 ml santan kental, 200 gr udang rebon atau udang segar, 8 siung bawang merah, 4 siung bawang putih, 1 ruas jahe, 1 ruas kunyit, 10 buah cabe rawit hijau, 8 buah asam sunti, ½ sdt ketumbar bubuk, ½ sdt lada bubuk, 3 siung bawang merah, 5 buah cabe hijau besar, 5 lembar daun jeruk, 1 genggam daun kari, 2 batang serai geprek","Rendam patarana dengan air hangat agar dagingnya melunak. Blender patarana dengan bumbu hingga halus. Siapkan wajan, masukkan santan cair, bumbu halus, bumbu rajang, dan sauh serai. Masak hingga mendidih. Tambahkan sayuran yang telah dipotong-potong, Masukkan ketumbar dan juga lada. Tambahkan rebon, masak hingga mendidih. Tambahkan santan kental, aduk rata. Beri garam dan kalu bubuk. Aduk hingga merata. Gulai patarana aceh siap dihidangkan."
11,Medan,Soto Medan,"400 gr dada ayam, 1 batang daun bawang, iris tebal, 2 lembar daun salam, 1 batang sereh, 500 ml air, 65 ml santan kental, 1 sdt gula pasir, Garam secukupnya, Kaldu bubuk secukupnya, Minyak goreng secukupnya, 6 siung bawang merah, 2 siung bawang putih, 2 buah kemiri, 1 ruas jari kunyit, 1 ruas jari jahe, 1 ruas jari lengkuas, 1 sdt ketumbar, Bihun rebus, Sambal, Jeruk nipis, Kentang goreng, Tauge rebus, Tomat","Haluskan bumbu halus. Oseng bumbu halus, daun salam, dan batang sereh hingga wangi. Tambahan air, masukkan ayam, masak hingga matang. Sisihkan ayam, masukkan santan, bumbui, lalu cek rasa, tambahkan daun bawang. Goreng ayam hingga kecoklatan, tiriskan, lalu suwir.Sajikan dengan bahan tambahan lain dan suwiran ayam, lalu siram dengan kuah."
12,Medan,Soto Udang Medan,"250 gr udang, 500 ml air kaldu udang hasil dari rebusan kepala dan kulit udang, 200 ml santan kental, 3 sdm minyak goreng untuk menumis bumbu, Garam secukupnya, Lada bubuk secukupnya, Gula pasir secukupnya, Kaldu jamur secukupnya, Bumbu halus, 6 siung bawang merah, 4 siung bawang putih, 2 butir kemiri, 2 butir kemiri sangrai, 1 sdt ketumbar, 2 cm kunyit, 1 cm jahe, 1 batang serai, geprek, 2 cm lengkuas, geprek, 2 lembar daun salam, 2 lembar daun jeruk, Soun rebus secukupnya, 1 batang daun bawang, Telur rebus, Bawang merah goreng, Tomat, Jeruk nipis/limau","Siangi udang dan cuci bersih. Kepala dan kulit udang juga cuci bersih, lalu rebus hingga mendidih dan jadi air kaldu, lalu saring. Tumis bumbu halus dan bumbu cemplung hingga matang dan harum. Masukkan udang, aduk-aduk hingga berubah warna. Masukkan air kaldu udang, garam, lada bubuk, gula pasir, dan kaldu jamur. Masak hingga udang matang. Masukkan santan kental dan aduk-aduk hingga mendidih, icip rasanya dan matikan kompor. Sajikan soto udang dengan bahan pelengkapnya."
13,Medan,Mi Sop Medan,"3 liter air, 250 gr ayam, 250 gr ceker ayam, 2 buah kiamis, 3 butir cengkeh, 1/2 sdt pala, 2 butir bunga pekak, 5 butir kapulaga, 3 cm jahe geprek, 2 lembar daun salam, 1 buah tomat, 3 sdt garam, 2 sdt penyedap jamur, 7 siung bawang merah, 5 siung bawang putih, 3 butir kemiri, 2 sdt lada, 100 ml minyak, Bihun rebus secukupnya, Mi telur rebus secukupnya, Kerupuk secukupnya, Jeruk limau, Seledri secukupnya","Haluskan semua bahan bumbu halus menggunakan blender hingga benar-benar halus. Lalu tumis dengan minyak hingga harum dan matang. Siapkan panci besar, lalu tuangkan air. Tambahkan ayam, ceker, kayu manis, cengkeh, pala, bunga pekak, kapulaga, jahe geprek, dan daun salam. Nyalakan api lalu rebus hingga mendidih. Tuangkan bumbu halus, garam, dan penyedap ke dalam kuah ayam lalu masak kembali dengan api sedang hingga ayam dan ceker lunak. Tambahkan tomat dan biarkan hingga mendidih. Siapkan mangkuk saji yang telah berisi mi telur dan bihun di dalamnya. Tambahkan ayam suwir goreng dan ceker lalu siram dengan kuah sop. Tambahkan jeruk limau, bawang goreng, dan taburkan kerupuk di atasnya lalu sajikan dengan sambal jeruk limau."
14,Medan,Tauco Udang Tahu,"500 gr udang, 4 buah tahu putih, potong kotak kecil lalu goreng sebentar, 100 gr cabai hijau, rajang, 7 buah cabai merah, rajang, 50 gr cempokak, goreng sebentar, 1 papan petai, belah dua, 2 sdm tauco, 200 ml air, 2 buah tomat, belah 8 bagian, 2 batang serai, memarkan, 4 lembar daun salam, 5 cm lengkuas, memarkan, 3 cm jahe, memarkan, Gula secukupnya, Garam secukupnya, 10 butir bawang merah, 2 siung bawang putih, 10 buah cabai merah, 3 buah cabai rawit","Haluskan bumbu halus, tumis hingga bumbu harum lalu masukkan serai, lengkuas, jahe, dan daun salam. Tumis hingga bumbu matang. Tambahkan 2 sdm tauco, aduk-aduk dan tumis sebentar. Masukkan udang, tahu, petai, dan juga cempokak. Aduk pelan hingga bumbunya merata. Tuang 200 ml air, masak hingga airnya tinggal setengahnya. Bubuhi garam dan gula secukupnya. Terakhir, masukkan rajangan cabai dan potongan tomat. Masak hingga cabai dan tomat layu."
15,Medan,Mi Rebus Medan,"150 gr udang basah, 600 ml kaldu udang, dibuat dari rebusan kulit udang, 500 gr mi kuning, 3 buah kentang rebus, diiris-iris, 3 buah tahu cina goreng, potong kotak, Tauge secukupnya, rebus sebentar, Telur rebus, 5 siung bawang putih, 8 siung bawang merah, 2 ruas jari jahe, 1 batang serai, dikeprak, 1 sdt jinten, 1 sdt merica, 1/2 sdt pala, 1/2 sdm ketumbar, 2 butir kapulaga, 2 butir pekak, 5 butir cengkeh, 2 lembar daun salam, 4 sdm kecap manis, 1 sdm saus tiram, 500 ml air, 4 sdm maizena, Penyedap jamur secukupnya, Garam secukupnya, Gula pasir secukupnya, Minyak sayur secukupnya, Daun seleri cincang untuk taburan, Kerupuk merah putih sebagai tambahan","Haluskan bawang merah, bawang putih, ketumbar, jahe, pala, merica, jinten, dan 1/3 udang basah. Panaskan minyak, tumis bumbu halus hingga harum. Masukkan daun salam, kapulaga, cengkeh, dan bunga lawang. Masukkan sisa udang basah, tumis kembali hingga udang berubah warna dengan api sedang cenderung kecil. Masukkan kaldu udang dan air, didihkan. Setelah mendidih, masukkan saus tiram, kecap manis, gula, penyedap jamur, gula sesuai selera dan garam lalu koreksi rasa. Kentalkan kuah dengan memasukkan maizena yang sudah dicampur dengan air, didihkan kembali sampai mengental. Setelah mengental, matikan api. Atur mi kuning, tauge, tahu goreng, kentang rebus di atas piring. Taburi daun seledri dan siram dengan kuah. Hidangkan."
16,Medan,Sate Kerang,"250 gr kerang hijau kupas, 1 lembar daun salam, 2 lembar daun jeruk, 1 batang sereh, 1/4 kelapa parut sangrai, 150 ml air, 30 ml santan kental, 1 sdt gula pasir, 3 sdm minyak sayur, Garam secukupnya, Kaldu bubuk secukupnya, 5 siung bawang merah, 2 siung bawang putih, 1 cm jahe, 1 ruas jari lengkuas, 1 ruas jari kunyit, 1/2 sdt ketumbar, 2 buah kemiri, 5 buah cabe merah keriting","Beri kerang perasan jeruk lemon. Ulek atau blender bumbu halus. Oseng bumbu halus, daun jeruk, daun salam, dan batang sereh hingga wangi. Masukkan air dan santan, bumbui, lalu cek rasa. Masukkan kelapa parut sangrai, lalu masukkan kerang. Masak hingga air menyusut, biarkan dingin. Tusuk dengan tusuk sate, panggang sebentar untuk menambah aroma dan rasa asap."
17,Medan,Arsik Ikan Mas,"1 ekor ikan mas, 3 buah cabe merah keriting, 8 siung bawang merah, 2 ruas jari kunyit, 1/2 batang serai, 1 ruas jari lengkuas, 1 buah tomat, 2 lembar asam gelugur kering, Lokio secukupnya, 2 buah batang kecombrang, (opsional atau bisa diganti kacang panjang), Garam secukupnya, Andaliman sejumput, Air secukupnya","Siapkan bahan-bahan. Giling halus bawang merah, cabe merah, kemiri, lengkuas, serai, kunyit, dan andaliman, lalu sisihkan. Bersihkan kulit ari-ari lokio, cuci. Kemudian potong-potong batang kecombrang sebesar 2 cm. Letakkan asam gelugur dan batang kecombrang di dalam wadah. Masukkan ikan mas, bumbu yang sudah digiling halus, lokio, tomat, dan air. Masukkan air sampai ikan terendam. Marinasi ikan selama 1 jam, setelah itu masak dengan api besar. Jika sudah menyusut sepertiga bagian, kecilkan api, koreksi rasa, lalu tutup. Masak hingga airnya kering."
18,Medan,Mi Balap Medan,"100 gr bihun jagung, rendam air panas hingga lunak, 50 gr tauge, 2 batang sawi hijau, 3 siung bawang putih, iris tipis, 1 batang daun bawang, 3 sdm kecap asin, 1 sdt kaldu bubuk, Garam secukupnya, 2 siung bawang putih, 3 siung bawang merah, 10 buah cabai rawit merah atau sesuai selera, 1/2 buah tomat, 1 sdm saus sambal, 1 sdm gula merah, 1/2 sdt kaldu bubuk, Garam secukupnya","Haluskan cabai rawit, tomat, bawang merah, dan bawang putih, lalu tumis hingga harum. Masukkan air secukupnya, bumbui dengan saus sambal, gula merah, garam, dan kaldu bubuk. Biarkan hingga mendidih, lalu koreksi rasa dan sisihkan. Tumis bawang putih hingga harum, masukkan bihun, aduk rata. Masukkan sawi, tauge, dan daun bawang, aduk rata dengan cepat, bisa diberi sedikit air agar tidak kering Bumbui dengan kecap asin, garam, dan kaldu bubuk, masak cepak hingga sawi layu. Koreksi rasa. Siapkan bihun dalam piring, tuang sambal siram, aduk rata, dan siap disajikan."
19,Medan,Balado Teri Medan,"500 gr teri asin medan, 1/2 sdm gula pasir, Garam dan penyedap secukupnya, 1 liter air atau secukupnya, Minyak goreng secukupnya, 5 siung bawang merah, 3 siung bawang putih, 1 buah tomat ukuran sedang, 1 butir kemiri, 5-6 buah cabe rawit merah atau sesuai selera, 10-12 buah cabe merah keriting atau sesuai selera, 3-4 lembar daun jeruk","Rebus teri medan hingga air mendidih untuk mengurangi rasa asin. Bisa juga direndam air panas, tiriskan. Goreng teri hingga kecoklatan dan garing. Tirikan teri, biarkan agak dingin. Tumis bumbu halus dengan minyak hingga harum dengan api sedang cenderung kecil. Masukkan garam, penyedap, dan gula pasir, lalu koreksi rasa. Jika bumbu sudah mengeluarkan minyak dan tidak lagi langu, masukkan teri goreng. Kecilkan api, aduk-aduk hingga mengering. Biarkan dingin.Teri dapat disimpan di dalam toples untuk persediaan lauk."
20,Medan,Lontong Medan,"Buncis, dipotong serong - 150 gram, Wortel, kupas, potong-potong - 100 gram, Labu siam, kupas, potong dadu - 100 gram, Minyak goreng - 3 sdm, Daun jeruk - 5 lembar, Daun salam - 3 lembar, Daun kunyit, simpulkan - 1 lembar, Santan sedang - 1,5 liter, Garam - 2 sdt, Gula pasir - 1 sdt, Bumbu Halus: Bawang putih - 10 siung, Kemiri - 3 butir, Ketumbar - 2 sdt, Jinten - 1 sdt, Lengkuas - 2 cm, Cabe merah keriting - 3 buah, Kunyit, bakar - 5 cm, Jahe - 2 cm, Udang rebon, goreng dengan sedikit minyak - 2 sdm Pelengkap: Lontong, potong potong - 8 buah, Bihun tumis - secukupnya, Kering kentang - secukupnya, Sambal tauco medan / sambal cabe merah - secukupnya, Telur balado - 8 butir, Rendang daging beserta bumbunya - 8 potong, Kerupuk merah - secukupnya","Panaskan minyak, tumis bumbu halus beserta daun jeruk, daun salam, dan daun kunyit sampai wangi. Masukkan wortel dan labu siam, aduk sampai layu. Tambahkan santan, masak sampai mendidih dan wortel setengah lunak. Masukkan buncis, bumbui dengan garam dan gula, koreksi rasa. Masak sampai semua matang, kemudian angkat. Tata lontong dalam piring saji, siram dengan sayur dan kuahnya selagi panas. Tambahkan bihun tumis, telur balado, rendang daging dan bumbunya, kering kentang, kerupuk merah, dan sambal. Siap disajikan hangat-hangat."
21,Palembang,Pempek Palembang," 500 gram ikan tenggiri giling, 1 butir putih telur, 250 ml air, 1 sdm garam, 1 sdt penyedap jamur, 350 gr tepung sagu, air secukupnya, telur secukupnya","Masukkan ikan ke dalam baskom, beri putih telur, air, garam dan penyedap jamur, aduk rata. Masukkan tepung sagu, aduk rata kembali. Ambil 150 gr adonan, beri isian 1 butir telur. Masukkan adonan yang sudah dibentuk ke dalam air mendidih, masak hingga mengapung. Angkat dan tiriskan pempek."
22,Palembang,Pindang Tulang Iga,"Iga sapi, potong-potong – 500 gram, Kaldu sapi – 800 ml, Serai, memarkan – 2 batang, Lengkuas, memarkan – 1 ruas, Daun salam – 2 lembar, Gula pasir – 1/2 sdt, Garam – 2 sdt, Kecap manis – 1 sdm, Air asam jawa kental – 2 sdm, Cabe rawit – 5 buah, Nanas, iris kasar – 1/4 buah, Tomat, potong-potong – 1 buah, Kemangi – secukupnya, Bumbu Halus : Cabe merah keriting – 4 buah, Cabe rawit – 3 buah, Bawang merah – 4 butir, Bawang putih – 2 siung, Tomat – 1 buah, Kunyit – 1 ruas","Rebus iga sapi dengan menggunakan panci presto selama 40 menit hingga matang. Angkat dan sisihkan iganya. Ambil air kaldunya sebanyak 800 ml lalu saring. Dalam panci, didihkan air kaldu. Masukkan iga, bumbu halus, cabe rawit, serai, lengkuas, dan daun salam. Masak hingga bau langunya hilang. Beri gula, garam, kecap manis, dan air asam. Aduk rata dan masak hingga mendidih. Koreksi rasanya. Sesaat sebelum diangkat, masukkan tomat dan nanas. Aduk rata. Angkat. Siap disajikan dengan taburan kemangi."
23,Palembang,Daging Malbi Semur,"Daging sapi – 400 gram, Kecap manis – 5 sdm, Kelapa parut, sangrai yang telah dihaluskan – 1 sdm, Air asam jawa – 1/2 sdm, Gula merah – 1 sdt, Cengkeh – 2 butir, Kapulaga – 2 butir, kiamis – 2 cm, Kaldu jamur – 1/2 sdt, Garam – 1/2 sdt, Air matang – secukupnya, Bumbu Halus : Bawang merah – 10 siung, Bawang putih – 4 siung, Ketumbar, sangrai – 1 sdt, Merica butiran – 1/2 sdt, Biji pala – 1/4 buah, Jahe – 1 ruas","Tumis bumbu halus, cengkeh, kapulaga dan kayu manis hingga harum. Masukkan daging, masak hingga berubah warna. Tambahkan kecap manis, air asam jawa dan air matang. Ungkep hingga empuk. Masukkan kelapa parut yang telah dihaluskan, garam, gula merah dan kaldu bubuk. Masak sampai kuah mengental, koreksi rasa. Sajikan."
24,Palembang,Burgo,"Dadar : Tepung beras – 125 gram, Tapioka – 30 gram, Garam – 1/2 sdt, Air mendidih – 200 ml, Air matang biasa – 250 ml, Kuah : Udang rebon – 50 gram, Santan – 500 ml, Lengkuas, geprek – 4 cm, Serai, ambil bagian putihnya dan geprek – 1 batang, Daun salam – 1 lembar, Daun jeruk – 2 lembar, Garam – secukupnya, Gula pasir – secukupnya, Kaldu bubuk – secukupnya, Bumbu Halus : Bawang merah – 5 siung, Bawang putih – 2 siung, Merica – 1 sdt, Ketumbar, sangrai – 1 sdt, Kemiri, sangrai – 2 butir, Jahe – 1 ruas, Kunyit – 1 ruas, Pelengkap : Telur rebus – secukupnya, Bawang goreng – secukupnya","Campur tepung beras, tapioka dan garam. Tuang sedikit demi sedikit air mendidih, terus diaduk rata. Tambahkan air matang biasa, kembali aduk hingga adonan mulus dan tidak bergerindil. Olesi loyang persegi ukuran 30×30 cm dengan minyak goreng. Kukus adonan 5 menit. Setelah matang, gulung adonan dari ujung (sisi terdekat dengan kita). Sisihkan. Cara Membuat Kuah : Tumis bumbu halus bersama udang rebon, daun salam, daun jeruk, serai dan lengkuas hingga matang serta harum. Tambahkan santan, gula pasir, kaldu bubuk dan garam. Aduk rata dan koreksi rasanya. Penyajian : Potong dadar, tata di piring. Siram dengan kuah santan. Sajikan bersama telur rebus dan taburan bawang goreng."
25,Palembang,Pindang Patin,"Ikan patin – 500 gram, Jeruk nipis, ambil airnya untuk melumuri ikan – 1 buah, Garam, untuk melumuri ikan – 1 sdt, Cabe rawit, biarkan utuh – 10 buah, Tomat, belah jadi 4 bagian – 2 buah, Nanas, potong-potong – 1/4 buah, Daun kemangi, petik – 1 ikat, Jahe, iris – 1 ruas, Lengkuas, memarkan – 1 ruas, Serai, memarkan – 1 batang, Daun salam – 2 lembar, Daun jeruk, buang tulang daunnya – 4 lembar, Jeruk nipis, peras – 1 buah, Garam – 1 sdt, Gula pasir – 1/2 sdt, Air – 750 ml, Bumbu Halus : Cabe merah – 5 buah, Cabe rawit (pedas sesuai selera) – 5 buah, Bawang merah – 5 siung, Bawang putih – 3 siung, Kunyit, bakar – 2 ruas jari, Terasi, bakar – 2 cm","Siangi ikan patin, potong-potong dan cuci hingga bersih. Lumuri ikan dengan air jeruk nipis dan garam. Diamkan selama 30 menit lalu bilas hingga bersih. Tumis bumbu halus sampai harum. Masukkan serai, lengkuas, jahe, cabe rawit utuh, daun salam, dan daun jeruk. Aduk rata dan masak hingga layu. Tuangkan air, masak hingga mendidih. Tambahkan garam, gula, dan air jeruk nipis. Aduk rata. Masukkan ikan patin, masak hingga mendidih kembali. Masukkan potongan nanas dan tomat. Biarkan hingga ikan matang dan kuah sedikit menyusut. Koreksi rasanya Terakhir, masukkan daun kemangi. Angkat. Siap disajikan."
26,Palembang,Mie Celor,"Mie kuning basah – 300 gram, Udang segar – 250 gram, Santan sedang – 250 ml, Kaldu udang – 850 ml, Telur, kocok lepas – 1 butir, Tepung terigu, larutkan dengan 50 ml air – 2 sdm, Garam – 1 sdt, Gula pasir – 1 sdt, Merica halus – 1/2 sdt, Jeruk nipis, peras airnya – 1 butir, Air panas – secukupnya, Bumbu Halus : Bawang merah – 6 butir, Bawang putih – 3 siung, Kemiri, sangrai – 2 butir, Ebi, kupas kulitnya – 1 sdm, Pelengkap : Telur rebus – secukupnya, Irisan daun bawang – secukupnya, Bawang merah goreng – secukupnya","Seduh mie kuning dengan air panas lalu tiriskan. Sisihkan. Kupas udang lalu sisihkan kepala dan kulitnya. Belah punggung udang dan buang kotoran hitamnya. Cuci bersih udang lalu kucuri dengan air jeruk nipis. Diamkan beberapa saat dan sisihkan. Ambil kepala dan kulit udang. Cuci bersih lalu rebus dengan air untuk diambil kaldunya. Sisihkan. Ambil 3/4 bagian udang lalu cincang kasar. Biarkan utuh 1/4 sisanya. Sisihkan. Panaskan minyak. Tumis bumbu halus hingga harum. Masukkan udang cincang. Aduk hingga berubah warna. Tuang kaldu dan santan. Aduk-aduk terus dan masak hingga mendidih. Masukkan udang utuh. Tuang telur sambil diaduk agar telur jadi berserabut. Bumbui dengan garam, gula, dan merica. Aduk rata dan koreksi rasanya. Tuang larutan terigu. Aduk lalu masak hingga mendidih kembali dan kuah jadi sedikit mengental. Angkat. Tata mie kuning di piring saji. Siram dengan kuah dan beri bahan pelengkap.Siap disajikan."
27,Palembang,Model Ikan Palembang,"Ikan tenggiri giling – 500 gram, Tepung sagu – 300 gram, Bawang putih, haluskan – 3 siung, Telur – 1 butir, Garam – 1 sdm, Kaldu bubuk – 1 sdt, Merica bubuk – 1/2 sdt, Minyak goreng – 1 sdm, Air – 250 ml, Tahu putih – 5 buah, Kuah : Udang, cincang sebagian – 250 gram, Bawang merah – 8 butir, Bawang putih – 4 siung, Merica bubuk – 1/4 sdt, Garam – 1/2 sdm, Kaldu bubuk – 1/2 sdm, Gula pasir – 1 sdt, Daun bawang – 2 batang, Air – 1 liter, Pelengkap : Soun – secukupnya, Timun, potong dadu – secukupnya, Bawang goreng – secukupnya","Cuci bersih tahu putih, kemudian potong-potong bentuk kotak. Goreng tahu setengah matang, angkat dan tiriskan. Campur daging ikan tenggiri dengan telur, bumbu-bumbu, dan air. Tambahkan tepung sagu sedikit-sedikit sambil terus diaduk hingga tercampur rata. Tambahkan 1 sendok makan minyak goreng, aduk rata. Ambil sedikit adonan, isi tengahnya dengan tahu kemudian tutup lagi dengan adonan, bentuk bulat. Lakukan hingga adonan habis. Kemudian goreng hingga matang. Kuah: Haluskan bawang merah dan bawang putih, kemudian tumis hingga harum. Masukkan udang, tumis hingga udang berubah warna. Tambahkan air, kemudian bumbui dengan merica, garam, gula, dan kaldu bubuk. Masak sampai mendidih, lalu masukkan daun bawang, matikan api. Potong-potong model ikan, tata dalam mangkuk, siram dengan kuahnya. Sajikan dengan pelengkap soun, timun, dan taburan bawang goreng."
28,Palembang,Laksan,"Ikan tenggiri giling – 250 gram, Tepung sagu – 250 gram, Air es – 120 ml, Garam – 1 sdt, Kaldu jamur / udang bubuk – 1/2 sdt, Bumbu Halus dan Kuah : Bawang merah – 4 butir, Bawang putih – 3 siung, Cabai merah – 5 buah, Jahe – 2 ruas jari, Ketumbar – 1/2 sdt, Kemiri – 4 butir, Ebi – 1 sdm, Serai – 1 batang, Daun salam – 3 lembar, Santan kental – 300 ml, Merica bubuk – 1/4 sdt, Kucai, potong potong – 2 tangkai, Kaldu udang bubuk – 1 sdt, Garam – secukupnya, Gula – secukupnya, Air – 1 liter, Pelengkap : Bawang goreng – secukupnya, Sambal – secukupnya","Aduk rata ikan tenggiri dengan air, aduk sampai air menyatu dengan ikan. Masukkan garam dan kaldu bubuk aduk hingga adonan mengental. Masukkan tepung bertahap hingga adonan rata dan bisa dibentuk. Bentuk bulat lonjong adonan kemudian pipihkan sedikit. Rebus adonan dalam air mendidih sampai matang, kemudian tiriskan dan potong-potong sesuai selera. Haluskan bumbu halus, bawang merah, bawang putih, cabai merah, jahe, ketumbar, kemiri, dan ebi. Kemudian tumis bumbu halus bersama serai dan daun salam sampai harum. Tambahkan air 1 liter air, masak sampai kuah mendidih. Setelah mendidih masukkan garam, gula, merica, kaldu udang bubuk. Masukkan laksan yang sudah dipotong-potong, masak sampai mendidih. Setelah mendidih masukkan santan, aduk rata dan masak sampai mendidih, matikan api. Sajikan laksan dengan taburan kucai dan bawang goreng serta sambal."
29,Palembang,Celimpungan,"Ikan gabus halus – 500 gram, Telur – 1 butir, Garam – 20 gram, Kaldu jamur – 1 sdm, Air – 250 ml, Sagu tani – 250 gram, Kuah : Air, lalu ditambah air rebusan celimpungan – 3 liter, Santan kental – 750 ml, Minyak, untuk menumis bumbu – secukupnya, Garam – secukupnya, Gula – secukupnya, Penyedap – secukupnya, Bumbu Kuah (Haluskan) : Bawang merah – 15 siung, Bawang putih – 5 siung, Kunyit – 2 ruas, Serai – 1 batang, Ketumbar – 1 sdm, Temopo (optional) – 1 ruas, Temu kunci (optional) – 1 ruas, Kemiri – 3 biji, Pelengkap : Cabe rawit, dihaluskan – secukupnya, Bawang goreng – secukupnya","Cara Membuat Celimpungan : Didihkan air di panci. Sementara itu, masukkan semua bahan kecuali sagu dalam mixer, campur hingga rata. Masukkan sagu, aduk hingga kalis. Cubit adonan dengan ukuran sedang (10 cm), rebus di air mendidih. Angkat bila sudah mengapung (tandanya adonan sudah matang). Tiriskan. Kuah Celimpungan : Didihkan santan dan air. Sangrai bahan bumbu halus, kemudian haluskan. Tumis bumbu halus hingga harum. Masukkan bumbu halus ke didihan santan, aduk rata. Beri garam, gula dan penyedap sesuai selera. Biarkan mendidih sambil sesekali diaduk rata. Masukkan celimpungan yang sudah matang ke dalam kuah, aduk rata. Kecilkan api, masak sebentar hingga bumbu meresap. Koreksi rasa, matikan api. Sajikan celimpungan dengan cabai dan bawang goreng."
30,Palembang,Ragit,"250 gram tepung terigu serbaguna, 1 butir telur ayam, 500 ml air, 1/2sdt garam Bahan kari: 2 sdm minyak sayur, 3 lembar daun jeruk, 2 batang serai, memarkan, 3 cm lengkuas, memarkan, 1 sdm gula pasir, 3 batang daun kari, 1 liter santan kental, 2 lembar daun salam, 500 gram daging sapi has dalam, potong dadu 2 cm, 10 buah cabai rawit merah, buang tangkainya, 2 sdm bumbu kari bubuk, 1/4 sdt garamBumbu halus:  50 gram kemiri, goreng, 1 sdt ketumbar butiran, 1/4 sdt merica putih butiran, 3 buah cabai merah, 1/2 sdt jintan Bahan pelengkap: sambal cabai rawit hijau, bawang merah goreng.","Untuk kari daging sapi, tumis bumbu halus, masukkan daun jeruk, daun kari, serai, dan daun salam hingga harum. Masukkan daging, masak sembari diaduk hingga daging berubah warna. Tuang santan, masukkan bumbu kari bubuk, gula pasir, dan garam. Aduk rata hingga daging empuk. Masukkan cabai rawit, masak hingga layu. Angkat, sisihkan. Untuk ragit, campur tepung terigu, air, telur, dan garam, aduk rata. Saring lalu masukkan ke kantung semprot. Gunting ujungnya, sisihkan. Semprotkan adonan di atas wajan yang sudah dilumuri minyak sayur, hingga membentuk sarang laba-laba. Masak hingga setengah matang. Balik adonan, masak hingga matang. Angkat. Ulangi proses yang sama hingga adonan habis."
31,Padang,Rendang,"500 gram daging sapi yang dipotong-potong persegi, 20 gram cabai keriting, 6 buah bawang merah, 3 siung bawang putih, 3 butir kemiri, 4 gelas santan kental, 2 ruas lengkuas yang dimemarkan, 2 sendok teh garam, 1 sendok teh asam kandis, 1 lembar daun kunyit, 1 lembar daun jeruk, 1 batang serai yang dimemarkan, 1 ruas jari jahe, 1/2 sendok teh bubuk kunyit","pertama, haluskan cabai keriting, bawang putih, merah, bubuk kunyit, kemiri, dan jahe. Tambahkan daging, santan, bumbu halus bersama dengan asam kandis, serai, daun jeruk, dan kunyit ke dalam panci. Aduk semuanya hingga merata. Nyalakan api, masak rendang dalam keadaan api sedang sembari diaduk terus. Ketika sudah mendidih, tambahkan garam, lalu aduk lagi. Masaklah rendang hingga santannya meresap ke daging. Bila daging belum empuk juga, tambahkan santan sisa untuk dimasak kembali."
32,Padang,Ayam Pop,"1/4 ekor ayam kampung yang dipotong jadi empat bagian, 3 gelas air kelapa, minyak goreng secukupnya, Bahan untuk ayam ungkep:, 3 lembar daun jeruk purut, 3 siung bawang merah, 2 siung bawang putih, 3 buah kemiri, 1 batang serai, 2 cm jahe, 2 cm lengkuas, garam secukupnya","Pertama, masukkan ayam yang telah dicuci bersih ke dalam panci, tambahkan bumbu ungkep ke dalamnya. Tambahkan air kelapa, serai yang telah dimemarkan, dan garam secukupnya. Setelah itu, rebus dan diamkan semuanya selama setengah jam. Panaskan wajan yang telah diisi dengan minyak, lalu goreng sebentar."
33,Padang,Soto Padang,"250 gram daging sapi has luar, 3 buah cengkeh, 1 buah pekak / pekak, 1 batang kiamis, 2 butir kapulaga putih, 3 lembar daun jeruk, 2 lembar daun salam, 3 batang sereh, 2 liter air, Minyak goreng, Bumbu putih: 5 siung bawang putih, 9 siung bawang merah, 5 butir kemiri sangrai, 1 cm jahe, 1 cm lengkuas, Isian: Paru goreng, Perkedel kentang, Kerupuk aci merah, Bawang goreng, Soun secukupnya, Daun Bawang secukupnya Jeruk nipis","pertama, haluskan bawang putih, bawang merah, kemiri, jahe, lengkuas dan garam, beri sedikit air. Panaskan 2-3 sdm minyak, masukkan kayu manis, pekak, kapulaga, cengkeh, sereh, daun salam, daun jeruk dan bumbu putih yang telah dihaluskan. Masak hingga bumbu wangi. Tambahkan air, aduk rata lalu masukkan daging. Bumbui dengan garam, lada dan gula. Aduk rata lalu rebus selama 1 jam atau hingga daging empuk. Pisahkan daging, iris daging tipis-tipis lalu goreng kering. Susun soun, daging yang telah digoreng kering tadi atau dendeng, irisan daun bawang, lalu masukkan kuah. Sajikan dengan kerupuk, perkedel kentang dan bawang goreng."
34,Padang,Sayur Nangka,"125 gram nangka muda yang dipotong-potong, 1 ruas kunyit yang dimemarkan, 1 batang serai, 3 lembar kol yang dirajang kasar, 4 buah kacang panjang yang dipotong-potong sekitar 5 cm, 1 lembar daun salam, 2 lembar daun jeruk yang disobek, 1 lembar daun kunyit, 1/2 serai yang dimemarkan, 1/2 buah asam kandis, 1/2 liter santan, 1 sendok teh garam, 1 sendok teh gula pasir, Bahan bumbu halus: 5 butir bawang merah, 3 siung bawang putih, 4 buah cabai merah keriting, 1 buah cabai merah besar, 2 buah cabai rawit, 1/2 ruas kunyit yang dibakar, 1 cm jahe, 1 cm lengkuas","Pertama, panaskan panci yang berisi air hingga mendidih bersama kunyit, lalu masukkan nangka muda. Masukkan santan ke panci dengan bahan-bahan bumbu halus bersama serai, daun jeruk, kunyit, dan salam. Selama memasak, kamu harus mengaduk terus-menerus agar santan tidak pecah. Tambahkan kol, asam kandis, garam, gula, nangka, dan kacang panjang, lalu rebus hingga matang."
35,Padang,Gulai Kepala Kakap,"4 ekor kepala ikan kakap, goreng, 7 siung bawang merah, 3 siung bawang putih, 5 buah cabe keriting, 1 buah tomat, 2 buah kemiri, 1 cm jahe, 1 cm lengkuas, 3 sdt garam, ½ sdt lada, 1 sdt gula, ½ sdt penyedap, 1 lembar daun jeruk, 1 lembar daun salam, 1 batang serai, 50 ml santan, 600 ml air, 5 sdm minyak goreng, ½ sdt kunyit bubuk, 1 sdt ketumbar bubuk, 5 buah cabai rawit","Haluskan bawang merah, bawang putih, cabe keriting, jahe, dan kemiri. Tumis bumbu dengan minyak hingga harum. Setelah harum, masukkan air. Setelah mendidih, masukkan daun jeruk, serai, dan daun salam. Masukkan garam, gula, kunyit bubuk, lada bubuk, dan ketumbar bubuk. Masukkan kepala kakap yang sudah digoreng. Setelah bumbu meresap ke kepala kakap, masukkan irisan tomat dan cabai rawit utuh. Masukkan santan, aduk sebentar hingga mendidih. Setelah matang, sajikan selagi hangat."
36,Padang,Ikan Patin Asam Padeh,"7 potong daging ikan patin, 1 batang serai, 1 ruas lengkuas geprek, 2 lembar daun salam, 2 lembar daun jeruk, ½ buah jeruk nipis, 2 buah tomat, 3 sdm air asam jawa, 1 biji cabai merah besar, 400 ml air, 50 ml minyak goreng, 6 siung bawang merah, 3 siung bawang putih, 6 biji cabai merah keriting, 1 ruas kunyit, ½ ruas jahe, 1 biji kemiri, ½ sdt gula pasir, 1 sdm garam","Cuci bersih ikan patin, kemudian rendam dengan air jeruk nipis selama 20 menit. Lalu cuci bersih kembali. Haluskan bumbu halus yang terdiri dari bawang merah, bawang putih, cabai merah keriting, kunyit, jahe, kemiri, gula pasir dan garam. Tumis bumbu dengan minyak, tambahkan daun salam, daun jeruk, serai, dan lengkuas. Masak hingga bumbu matang dan harum. Tambahkan air, gula, garam, dan air asam jawa. Masukkan daging ikan patin, masak hingga ikan matang. Iris serong cabai merah dan tomat. Masukkan irisan cabai merah dan tomat, masak hingga mendidih. Angkat dan sajikan selagi panas."
37,Padang,Dendeng Cabai Hijau,"500 gram daging sapi tanpa lemak, iris tipis, 400 ml air, Minyak goreng secukupnya, 3 siung bawang putih, 1 sdt ketumbar, 2 cm jahe, 1,5 sdt garam, 4 mata asam jawa, larutkan dengan sedikit air, 100 gram cabai hijau, 10 buah rawit hijau, 7 siung bawang merah 1 buah tomat hijau, potong kecil, ¾ sdt garam (sesuai selera), ¼ sdt gula pasir, 1 sdm air jeruk nipis","Rebus daging bersama bumbu ungkep daging sampai empuk dan air menyusut. Angkat dan dinginkan. Setelah dingin, pukul-pukul daging dengan pemukul daging atau ulekan batu sampai pipih dan melebar, tapi jangan sampai hancur. Goreng daging sebentar di minyak panas, angkat dan sisihkan. Haluskan kasar cabai hijau, cabai rawit, dan bawang merah. Masukkan tomat, tekan-tekan dengan ulekan tidak usah sampai halus. Tumis sambal hijau dengan minyak, tambahkan garam dan gula pasir, aduk rata. Tambahkan 5 sdm air rebusan daging, masak sampai kaldu menyusut. Masukkan air perasan jeruk nipis, aduk rata. Matikan kompor. Baluri daging dengan sambal hijau. Dendeng sambal hijau siap dinikmati."
38,Padang,Gulai Tunjang,"1 kg tunjang atau kikil sapi, 1 liter santan dari 1 sebutir kelapa, 3 lembar daun jeruk, 2 batang serai, geprek, 1 ruas lengkuas, Garam dan gula secukupnya, 6 siung bawang putih, 10 siung bawang merah, 2 buah cabai merah besar, 8 buah cabai merah keriting, 2 cm kunyit, 1 ruas jahe","Siapkan bahan dan bumbu. Haluskan bumbu halus yang terdiri dari bawang putih, bawang merah, cabai merah besar, cabai merah keriting, kunyit dan jahe. Rebus kikil dengan 2 lembar daun salam dan seiris jahe sampai empuk lalu potong-potong. Tumis bumbu halus dengan serai, daun jeruk, dan lengkuas sampai harum. Masukkan kikil dan air. Masak sampai mendidih. Setelah mendidih, masukkan santan. Beri gula dan garam. Masak sampai kuah menyusut dan mengental. Angkat dan sajikan selagi hangat."
39,Padang,Gulai Otak,"1 buah otak sapi, kukus, 1 bungkus santan instan (65 ml), 1 batang serai, 1 lembar daun kunyit, 700 mil air, 1 sdt garam, 1 sdt kaldu bubuk, ¼ sdt gula pasir, 5 buah cabai merah besar, 10 buah cabai rawit, 6 siung bawang merah, 2 siung bawang putih, 1 sdm ketumbar, 1 sdm kunyit bubuk, 2 cm lengkuas, 2 cm jahe","Cuci bersih otak dengan air mengalir, tiriskan. Kukus sekitar 10 menit. Haluskan bumbu halus yang terdiri dari cabai merah besar, cabai rawit,bawang merah, bawang putih, ketumbar, kunyit bubuk, lengkuas dan jahe. Siapkan santan. Panaskan penggorengan. Campurkan bumbu halus beserta santan, serai, daun kunyit, garam, gula, dan kaldu bubuk. Aduk pelan agar santan tidak pecah dan gunakan api kecil. Setelah mendidih, masukkan otak sapi. Siram-siram otak dengan kuah, jangan sering dibolak-balik. Aduk terus perlahan. Masak hingga harum. Koreksi rasa. Bila sudah pas, angkat dan sajikan selagi hangat."
40,Padang,Gulai Daun Singkong,"1 ikat daun singkong, petiki daunnya, Air secukupnya untuk merebus daun, Garam secukupnya untuk merebus daun, 2 cm lengkuas, geprek, 1 batang serai, geprek, 2 lembar daun salam, 1 lembar daun jeruk, buang tulang daunnya, ½ papan tempe, potong-potong, Kaldu, garam, gula secukupnya, 400 ml air, Minyak untuk menumis, 65 ml santan instan, 5 buah cabai rawit merah utuh, 5 siung bawang merah, 8 buah cabai rawit hijau, 2 siung bawang putih, 2 cm jahe, 2 cm kunyit, 2 butir kemiri, ¼ sdt ketumbar bubuk","Cuci bersih daun singkong. Kemudian panaskan air dalam panci. Rebus daun singkong. Rebus sampai empuk kemudian beri garam. Setelah empuk, tiriskan dan potong-potong daun singkong. Haluskan bumbu halus yang terdiri dari bawang merah, cabai rawit hijau, bawang putih, jahe, kunyit, kemiri dan ketumbar, kemudian tumis. Masukkan daun salam, daun jeruk, lengkuas, dan serai. Tumis hingga harum dan matang. Masukkan air dan tempe. Masukkan daun singkong. Beri kaldu, garam, dan gula. Masukkan santan instan, aduk terus sampai mendidih. Masukkan cabai rawit utuh dan matikan kompor. Sajikan selagi hangat."
41,Riau,Asam Pedas Ikan Baung,"2 kg ikan baung, 10 siung bawang putih, 10 siung bawang merah, 20 buah cabai merah, 6 buah cengkeh, 4 buah tomat, 2 ruas jari kunyit, 1 biji pala, gula secukupnya, garam secukupnya, penyedap rasa secukupnya, perasan jeruk nipis secukupnya.",Bersihkan semua bahannya dahulu. Haluskan bumbu di dalam blender. Tumis bumbu sampai harum. Masak ikan sampai bumbu meresap.
42,Riau,Miso,"1/2 kg ayam, 1 batang seledri diikat, 2 cm jahe, 2 lembar daun salam, 5 lembar daun jeruk, 4 kelopak pekak, 4 cengkeh, 3 kapulaga, 2 cm kiamis, Secukupnya kaldu bubuk, secukupnya Garam, Secukupnya lada bubuk, 2 1/2 liter air, Bumbu halus: 5 siung bawang putih, 7 butir bawang merah, 1 sdm ketumbar, 1 sdt merica, 1/4 sdt pala, Bahan pelengkap: Bihun, Bawang merah goreng, Seledri iris, Jeruk nipis, Sambal rawit, Kerupuk pink, Telur asin","Tumis bumbu halus sampai harum. Lalu masukkan ayam, tumis sebentar. Lalu masukkan sisa semua bahan. Masak sampai mendidih dan bumbu meresap, lalu matikan api. Ambil ayam dan goreng hingga matang. Suwir-suwir ayam, lalu sisihkan. Ambil mangkok, tata bihun, suwiran ayam, dan siram dengan kuah. Taburi seledri dan bawang merah goreng. Sajikan bersama kerupuk, telur asin, dan jeruk nipis."
43,Riau,Bacah Daging,"500 gr daging khas dalam, potong sesuai selera, 5 sdm air asam jawa, 4 lb daun jeruk, iris halus, 250 ml santan, Bumbu halus: 8 siung bawang merah, 5 siung bawang putih, 1 sdt ketumbar bubuk, 1/2 sdt jinten, 1 sdt gula merah, Secukupnya garam dan kaldu bubuk.","Potong-potong daging sesuai selera. Masukkan daging bersama bumbu halus, air asam, santen dan daun jeruk dalam wajan. Masak sampai bumbu meresap dan mengental. Panggang daging diatas teflon/bara api sampai daging matang dan empuk."
44,Riau,Ikan Cuka,"500 gr ikan tenggiri yang sudah dipotong-potong, 1 buah jeruk nipis, 1/2 sendok teh garam, Bumbu iris: 300 ml air, 10 buah cabai rawit, 5 butir bawang merah, 3 lembar daun jeruk, 1 cm jahe, 1 buah tomat merah, 1 batang serai (ambil putihnya saja), 1 sendok teh garam, 1 sendok teh gula pasir, 1 sendok teh cuka, 1/2 sdt kaldu jamur, Bumbu halus: 6 buah cabai merah keriting, 3 buah cabai merah besar, minyak secukupnya","Lumuri ikan dengan jeruk nipis dan garam. Diamkan selama 15 menit. Goreng ikan hingga matang dengan sedikit minyak. Bisa juga dipanggang di teflon jika tidak ingin terlalu berminyak. Angkat ikan setelah matang. Tumis bawang merah iris hingga harum, masukkan cabai rawit, serai, daun jeruk, dan jahe. Tumis lagi hingga setengah matang. Masukkan bumbu halus, tumis hingga bumbu matang. Masukkan garam, gula, dan kaldu jamur, aduk rata. Masukkan tomat, aduk sebentar. Masukkan ikan dan cuka. Aduk rata. Tuang air panas 200 ml atau secukupnya. Aduk rata. Tes rasa, bisa ditambahkan agar sesuai selera. Jika sudah mendidih, angkat."
45,Riau,Mie Lendir,"300 gr mie basah, 100 gr kacang tanah, 2 lembar daun salam, 1 batang serai, geprek, 75 gr gula merah, sisir, 1 sdt garam, 1/4 sdt penyedap, 1 sdm tepung maizena, larutkan dengan 3 sdm air, 3 sdm minyak untuk menumis, 300 ml air, Bumbu Halus : 4 buah cabe merah keriting, 5 siung bawang merah, 1 ruas kencur, 3 siung bawang putih, Bahan Pelengkap : 150 gr tauge, siram air panas, 3 batang seledri, iris halus, 1 butir telur rebus, potong-potong, 1 sdm bawang goreng, 5 buah cabe rawit hijau, iris","Goreng kacang tanah, lalu haluskan. Tumis bumbu halus, masukkan kacang yang sudah dihaluskan, tambahkan daun salam, serai, dan gula merah. Tumis hingga harum. Tambahkan air, garam, dan juga bumbu penyedap, masak hingga mendidih. Tambahkan larutan maizena, aduk rata. Masak sebentar hingga meletup-letup lalu koreksi rasa. Biarkan tetap hangat, dengan posisi api paling kecil. Siapkan mie dan bahan pelengkap, susun dalam piring saji dengan urutan mie basah dan tauge. Siram dengan saus kacang hangat, taburi seledri dan bawang goreng. Tambahkan potongan telur rebus dan irisan cabe rawit hijau."
46,Riau,Mie Tarempa,"Mie telur gepeng - 150 gram, Ikan tongkol - 250 gram, Telur, kocok lepas - 2 butir, Tauge - 1 genggam, Daun bawang, iris tipis - 1 batang, Seledri, iris halus - 1 tangkai, Bawang putih, geprek cincang halus - 2 siung, Cabai merah - 3 buah, Cabai rawit - 2 buah, Saus tomat - 2 sdm, Saus tiram - 2 sdm, Kecap manis - 1 sdm, Kecap asin - 1 sdm, Air / air kaldu - 500 ml, Minyak goreng - secukupnya, Pelengkap: Bawang goreng - secukupnya, Irisan seledri - secukupnya","Kukus ikan tongkol sampai matang, kemudian haluskan kasar dengan chopper. Rebus mie hingga setengah matang kurang lebih 3 menit, angkat dan tiriskan. Haluskan cabai merah dan cabai rawit, kemudian tumis hingga harum bersama bawang putih. Sisihkan bumbu di tepi wajan kemudian masukkan telur kocok, orak arik hingga telur matang. Masukkan tongkol dan mie yang sudah direbus, aduk rata. Tambahkan air kaldu atau air biasa. Masukkan saus tiram, saus tomat, kecap manis dan kecap asin, aduk rata. Tambahkan tauge, daun bawang dan seledri, aduk rata. Masak sampai mie matang, koreksi rasanya. Jika kurang asin, tambahkan garam. Tata dalam piring saji, taburi dengan bawang goreng dan irisan seledri."
47,Riau,Gulai Blacan,"125 gram udang ukuran sedang, 200 gram santan, 50 gram petai yang sudah dikupas, 1 sdm air asam jawa, 1 sdt terasi, 1 sdt garam, 1 sdt kaldu bubuk, Bumbu halus: 3 siung bawang putih, 8 butir bawang merah, 4 butir kemiri, 10 buah cabai merah, 10 buah cabai rawit","Giling bumbu halus dan tumis sampai harum. Masukkan udang, masak hingga udang matang atau berubah warna. Masukkan petai dan masak selama 5 menit. Masukkan santan, air asam jawa, garam, dan kaldu bubuk kemudian masak sampai mendidih sambil sesekali diaduk. Setelah matang, angkat dan sajikan."
48,Riau,Kakap Kepala Hijau,"500 gr ikan kakap, 70 ml santan, 2 buah asam sunti, 1/2 buah jeruk nipis, Garam secukupnya, 2 lembar daun salam, 2 lembar daun jeruk, Bumbu halus: 7 buah cabai hijau, 6 siung bawang merah, 3 siung bawang putih, 1 ruas kunyit, 1 ruas jahe","Siapkan bahan, beri perasan jeruk nipis dan garam pada ikan kakap. Haluskan bumbu, kemudian masukkan bumbu ke dalam santan bersamaan dengan cabai rawit yang sudah dipotong-potong. Masukkan ikan kakap, daun salam, daun jeruk, dan garam. Masak hingga santan mendidih dan ikan matang."
49,Riau,Gulai Ayam Nanas,"1/2 ekor ayam, potong sesuai selera, 1/2 buah nanas matang, potong kecil, 2 batang sereh, geprek bagian putihnya, buat simpul, 1 lembar daun kunyit, buat simpul, 1 cm lengkuas, geprek, 3 lembar daun jeruk, buang tulang daunnya, 500 ml santan kekentalan sedang, garam secukupnya, kaldu jamur atau jamur bubur secukupnya, minyak goreng secukupnya, Bumbu halus: 3 siung bawang putih, 5 siung bawang merah, 3 butir kemiri, sangrai, 1 cm jahe, 3 buah cabai keriting merah, 1 ruas jari kunyit","Haluskan semua bahan bumbu halus menggunakan blender dengan menambahkan sedikit minyak goreng untuk memudahkan proses penghalusan. Panaskan sedikit minyak goreng. Tumis bumbu halus, tambahkan sereh, daun kunyit, dan lengkuas lalu tumis sampai harum. Masukkan ayam, aduk rata dan masak sampai ayam setengah matang. Tambahkan santan, aduk rata dan beri garam, kaldu jamur atau kaldu bubuk, lalu masak sampai ayam matang dan airnya surut. Koreksi rasa. Menjelang matang, masukkan potongan nanas. Aduk rata, kemudian masak sebentar sampai nanas layu. Angkat dan sajikan selagi hangat."
50,Riau,Gulai Salai Patin Daun Ubi,"3 ekor salai patin, 1/2 ikat daun singkong, Santan dari 1/2 butir kelapa, Garam secukupnya, Minyak goreng secukupnya, 50 gr cipokak atau rimbang, belah dua, Bumbu halus: 10 buah cabai merah keriting, 4 siung bawang merah, 2 siung bawang putih, 2 cm jahe, 2 cm kunyit, 1/2 sdt ketumbar bubuk","Potong ikan salai menjadi dua bagian, kemudian cuci bersih. Sisihkan. Siapkan bumbu halus dan cepokak. Siangi daun singkong, lalu cuci bersih. Panaskan minyak goreng, lalu tumis bumbu halus, tambahkan cepokak atau rimbang. Tambahkan santan dan garam, aduk terus agar santan tidak pecah. Masukkan ikan salai dan daun singkong.masak hingga salai patin dan daun singkong lembut. Cicipi rasa, jika sudah pas, silakan angkat dan sajikan."
51,Maluku,Ikan Kuah Pala Banda,"1 kg ikan ikan tongkol, potong-potong, 1 buah asam jawa, 1 sdt garam, 100 ml air, 5 buah cabai merah besar, buang bijinya, 5 siung bawang merah, haluskan, 3 siung bawang putih, haluskan, 2 cm jahe, haluskan 2 cm kunyit, haluskan, 1 ruas lengkuas, haluskan, 1 sdt ketumbar bubuk, 1 sdt jinten bubuk, 1 sdt garam, 1/2 sdt gula pasir, 1/4 sdt merica bubuk, 500 ml santan kental, 10 buah pala, memarkan, 10 lembar daun jeruk purut, sobek-sobek, 1 batang serai, memarkan","Pertama, lumuri ikan tongkol dengan air asam jawa yang telah dicampur dengan garam. Biarkan ikan meresap dalam bumbu selama 15 menit agar rasanya menjadi lebih kaya dan kompleks.Tumis bawang merah, bawang putih, jahe, kunyit, dan lengkuas yang telah dihaluskan hingga harum. Tambahkan sedikit air dan masak hingga bumbu mengeluarkan aroma yang menggugah selera.Masukkan cabai merah, ketumbar bubuk, jinten bubuk, garam, gula pasir, dan merica bubuk. Masak dengan api kecil hingga bumbu harum, sekitar 5 menit.Tuang santan dan air, lalu masak hingga mendidih. Masukkan ikan tongkol yang sudah dimarinasi dengan campuran air asam jawa. Masak dengan api sedang hingga kuah mengental dan ikan matang, sekitar 20 menit.Tambahkan pala, daun jeruk purut, dan serai. Aduk rata hingga aromanya menyatu. Masak kembali dengan api sedang hingga kuah mengental dan berwarna kuning kecokelatan. Angkat dan sajikan selagi hangat."
52,Maluku,Gohu Ikan,"250 gram ikan cakalang segar, 2 buah lemon atau jeruk nipis, 100 gram kacang tanah kupas, 15 butir bawang merah, iris tipis, 5 buah cabai rawit, iris tipis, 5 buah cabai keriting, iris tipis, garam, secukupnya lada bubuk, secukupnya penyedap rasa, secukupnya kemangi, secukupnya air matang, secukupnya minyak goreng, secukupnya minyak kelapa","Bersihkan ikan cakalang. Buang jeroan, tulang, dan kepalanya. Potong ikan berbentuk dadu kecil, lalu cuci kembali dengan air matang beberapa kali. Tiriskan dan letakkan dalam mangkuk. Tambahkan garam, lada bubuk, penyedap rasa, dan air perasan jeruk lemon atau jeruk nipis ke dalam mangkuk berisi ikan. Aduk rata dan sisihkan. Kupas dan cuci kacang tanah. Goreng hingga keemasan, lalu angkat dan tumbuk kasar.  Masukkan irisan bawang merah, cabai rawit, cabai keriting, dan kacang goreng tumbuk dalam mangkuk ikan. Aduk merata. Panaskan minyak kelapa, lalu siram ke dalam mangkuk ikan. Aduk merata dan koreksi rasanya. Tambahkan daun kemangi. Aduk kembali sampai rata. Gohu ikan khas Maluku siap disajikan."
53,Maluku,Sayur Ganemo,"2 ikat daun melinjo/ ganemo 150 gram bunga pepaya, rebus & cuci bersih, 200 gram labu kuning, kupas & potong dadu, 2 batang serai, geprek & bentuk simpul, 1 lembar daun pandan, 1 batang daun bawang, potong pendek, 3 lembar daun jeruk, buang tulang daunnya, 1 lembar daun kunyit, 400 ml air 65 ml santan kental, Bumbu Halus : 3 siung bawang merah, 2 siung bawang putih, 5 buah cabe rawit merah, 1 ruas jari jahe, 1 ruas jari kunyit, 1/2 sdt gula pasir, 1/2 sdt garam, 1/4 sdt kaldu jamur, 2 sdm minyak goreng","Panaskan minyak dalam panci. Kemudian tumis serai, daun pandan, daun bawang, daun jeruk dan daun kunyit sampai harum. Masukkan bumbu halus. Tambahkan 50 ml air untuk mentanakkan bumbu. Tumis bumbu hingga matang dan mengeluarkan minyak. Masukkan potongan labu kuning. Aduk rata.Tambahkan sisa air, masak hingga setengah matang. Masukkan daun melinjo (ganemo) & bunga pepaya. Masukkan santan. Bumbui dengan garam, gula pasir dan kaldu jamur. aDuk rata dan cek rasa sampai pas. Matikan api. Siap disajikan."
54,Maluku,Ikan Kuah Kuning Maluku,"Ikan kembung 10 ekor, Serai 3 batang, memarkan, Kunyit 5 cm, memarkan, Daun salam 3 lembar, Jeruk nipis 3 buah, peras airnya, Tomat 1 buah, belah menjadi 4 bagian, Bawang merah 8 butir, iris-iris, Bawang putih 4 siung, iris-iris, Cabai besar 2 buah, iris-iris, Cabai rawit 10 buah, Daun kemangi secukupnya, Garam secukupnya, Kaldu bubuk 1/2 sdm, Gula pasir 1/2 sdm, Minyak goreng 4 sdm, Air 1 liter",Potong ikan lalu bersihkan. Tumis bumbu hingga matang dan harum. Masukkan bahan-bahan lainnya kemudian masak hingga matang. Koreksi rasanya dan sajikan selagi hangat.
55,Maluku,Woku Komo Komo,"1 kg sagu, air matang dingin secukupnya, santan secukupnya, jeroan ikan, minyak goreng secukupnya, daun woka untuk membungkus, Bumbu-bumbu : bawang putih, bawang merah, serai, jahe, merica, garam, daun bawang","1. Awalnya sagu direndam dalam air dingin selama satu jam. 2. Lalu bumbu-bumbu seperti bawang putih, serai, dan jahe ditumis. 3. kemudian jeroan ikan dan air dimasukkan dan dimasak hingga matang. 4. Selanjutnya, bawang merah dan bawang putih ditumis hingga kecoklatan. 5. masukkan santan kelapa cair dan sagu, kemudian masak hingga mengering. 6. Tambahkan santan kental, garam, merica, dan irisan daun bawang. 7. Setelah matang, sagu didinginkan terlebih dahulu. 8. Jeroan ikan dipotong bentuk dadu. Lalu, sagu dan jeroan ikan yang telah dipotong-potong dimasukkan ke dalam daun woka. 9. Terakhir, bungkusan daun woka ini lalu dipanggang dengan bara api hingga kering dan matang."
56,Maluku,Kohu Kohu,"250 gram ikan tongkol, kukus matang, 200 gram ketimun, 100 gram tauge, 8 batang daun kemangi, 6 lonjor kacang panjang, potong pendek, 1 sdt garam, 1 iris jeruk nipis, 1/2 buah kelapa setengah tua, kupas & parut kasar, Bumbu Halus : 5 siung bawang merah, 3 buah cabe merah, 1 iris jeruk nipis, 1 sdt garam","Suwir halus ikan tongkol. Sisihkan dahulu. Potong dadu kecil timun. Lalu beri 1/2 sdt garam. Remas-remas sampai layu. Tiriskan dan sisihkan dahulu. Rebus sebentar tauge dan kacang panjang secara terpisah. Petiki daun kemangi, cuci bersih. Haluskan semua bahan bumbu halus. Campur kelapa parut dengan bumbu halus. Aduk rata. Setelah itu peras, buang airnya. Campur semua bahan menjadi satu. Lalu beri perasan air jeruk nipis. Aduk rata. Siap disajikan."
57,Maluku,Garu Balanga,"500 g daging sapi sengkel, potong kotak 3 cm, 4 sdm Bango Kecap Manis, 4 cm kiamis, ½ pala bubuk, ¼ sdt merica putih bubuk, ¼ sdt garam, 1.2 L air, Bumbu halus: 5 siung bawang putih, 8 butir bawang merah, 3 buah cabai merah, ¼ sdt jintan, 1 sdt ketumbar, sangrai","Tumis bumbu halus dan kayu manis sampai harum. Masukkan daging, aduk sampai berubah warna. Masukkan Bango Kecap Manis, garam, merica putih bubuk, dan pala bubuk. Aduk sampai air keluar. Tambahkan air sedikit demi sedikit sampai daging empuk. Setelah matang, sajikan."
58,Maluku,Sayur Lilin,"5 buah terubuk/tebu telur, 30 ml santan kental1 butir telur,Bumbu halus: 4 siung bawang merah, 2 siung bawang putih, 1 buah cabe rawit (optional), 2 cm ruas kunyit, 1 cm ruas jahe, 1 buah kemiri, Secukupnya garam, gula, dan kaldu bubuk","Ambil bunga telur dari batang tanaman nya, perlahan-lahan buka lapis per lapis. Kemudian gulirkan di kuning telur. Goreng di minyak panas hingga kecoklatan. Haluskan bumbu halus, dan kemudian tumis dg sedikit minyak. Beri air secukpnya biarkan mendidih, saya masukan sekalian sisa telur yang tadi dipakai untuk baluran sayur lilin, karna sayang gak kepake sisanya (tapi ini sifatnya tidak wajib) terakhir masukan sayur tebu telurnya, aduk sebentar saja. Lalu matikan kompor. Sayur lilin siap untuk dinikmati dengan nasih hangat"
59,Maluku,Lat,"500 gram Lat, 1/2 buah kelapa, diparut, 4 siung bawang merah, 5 bh cabe rawit (kalau suka lebih pedas silahkan ditambah), 1 bh jeruk nipis, secukupnya Garam","Foto langkah ke 1 dari resep Urap Lat (anggur laut). Ulek bawang merah dan cabe rawit. Campurkan Lat dengan bumbu yg sdh diulek, kelapa parut dan garam, aduk. Beri perasan jeruk nipis. Aduk rata. Siap disantap"
60,Maluku,Ikan Masak Kayu,"500 gram ikan tongkol, 2 sdm air perasan asam jawa, 200 ml air, 2 sdm minyak goreng, Bumbu Halus : 10 siung bawang merah, 5 siung bawang putih, 4 buah cabai merah keriting, 2 buah kemiri, sangrai, 2 cm lengkuas muda, 2 cm kunyit, 2 cm jahe, 25 gram ketumbar bubuk, 1/2 sdt jintan bubuk, 1/2 sdt merica bubuk, Bumbu Rempah : 1 batang serai, geprek, 3 cm kiamis, 2 lembar daun salam, 2 lembar daun jeruk, 4 sdm kecap manis, 1 sdm gula merah, sisir halus, 1/2 sdt kaldu bubuk, 1 sdm gula pasir, 1 sdt garam","Cuci bersih ikan tongkol yang telah dipotong-potong terlebih dahulu. Siapkan bahan bumbu halus dan bahan rempah. Kemudian blender semua bahan bumbu halus. Siapkan wajan. Tumis bumbu halus hingga tercium aroma wangi. Lalu masukkan serai, daun salam, daun jeruk dan kayu manis. Masukkan ikan. Lalu tambahkan air. Tambahkan gula merah, garam, kaldu bubuk, gula pasir dan kecap manis. Lalu masak hingga ikan matang dan bumbu meresap. Jika air sudah mulai berkurang, koreksi rasanya. Lalu matikan api dan siap untuk disajikan."
61,Bengkulu,Gulai Ikan Rebung Asam,"1 kg ikan laut (bisa jenis apa saja), 500 g rebung asam/fermentasi, 200 ml santan cair, air secukupnya, garam, gula dan kaldu bubuk secukupnya, Bumbu halus: 5 buah cabai keriting, 5 buah cabai rawit (sesuai selera), 4 siung bawang putih, 4 siung bawang merah, 2 cm kunyit, 1 cm jahe, 1 cm lengkuas, Bumbu utuh: 2 lembar daun salam, 3 lembar daun jeruk, 1 lembar daun kunyit, 1 batang serai, memarkan","Cuci bersih ikan, buang perutnya dan potong-potong. Cuci bersih rebung asam. Jika tak ada, sebenarnya bisa membuat sendiri rebung asam atau hasil fermentasi di rumah. Caranya, cuci bersih rebung dan rendam dengan air bersih selama 4 hari, jika sudah asam, berarti sudah siap diolah. Panaskan minyak, tumis bumbu halus hingga harum. Masukkan semua bumbu utuh, tumis hingga bumbu matang. Tuang air 300 ml atau secukupnya, aduk dan tunggu hingga mendidih. Masukkan rebung dan santan, masak hingga mendidih. Aduk-aduk agar santan tidak pecah, masukkan garam, gula dan kaldu bubuk secukupnya. Masukkan ikan dan masak lagi hingga ikan matang dan kuah mengental. Tes rasa, jika dirasa sudah pas, matikan api. Gulai ikan rebung asam khas Bengkulu siap disantap dengan nasi hangat."
62,Bengkulu,Gulai Pisang Muda,"3 buah pisang kepok, 2 sdm ikan teri, 300 ml santan cair, Bumbu halus:, 5 buah cabai keriting, 5 siung bawang merah, 3 siung bawang putih, 3 buah cengkeh, 1 cm pala, 1 cm kunyit, 1 buah adas, 1 sdt ketumbar, 1 butir kemiri, Bumbu utuh: 1 batang serai, 1 ruas lengkuas, 4 lembar daun jeruk, 5 buah cabai rawit, 1 buah cabai merah, garam, gula, lada bubuk, dan kaldu bubuk secukupnya","Kupas pisang dan potong-potong serong. Rendam di dalam air garam agar tidak berubah warna dan membantu menghilangkan getahnya. Cuci ikan teri, buang kepala dan isi perutnya. Tiriskan dan goreng sebentar hingga matang, sisihkan. Tumis bumbu halus hingga harum. Memarkan serai dan lengkuas. Iris serong cabai merah dan kerat cabai rawit. Masukkan semua bumbu utuh ke dalam bumbu tumis. Masak hingga bumbu matang dan aromanya sedap, tidak langu. Tuang santan dan air secukupnya. Masak hingga mendidih. Masukkan pisang dan teri masak hingga empuk dan bumbu meresap. Tes rasa, jika sudah pas, angkat. Sajikan gulai pisang muda sebagai sayur teman nasi hangat."
63,Bengkulu,Pendap,"300 ml santan dari 1/2 bh kelapa, 3 bh asam kandis, 1 btng serai digeprek, 2 cm lengkuas digeprek, Daun talas untuk bungkus, 1 btng daun sop diiris kasar, 1/4 sdt merica, 4 ekor (400 gr) ikan kembung, 5 lbr daun mangkokan diiris kasar, 2 btng daun bawang di potong potong, 100 gr kelapa parut sangrai, Bumbu halus: 8 btr bawang merah, 2 cm jahe, 2 cm kunyit dibakar, 5 btr kemiri disangrai, 6 bh cabe merah, 4 btr bawang putih","Lumuri ikan kembung dengan 1/2 bagian bumbu halus. Bungkus layaknya pepes. Kukus selama kurang lebih setengah jam. Remas-remas daun mangkokan bersama dengan garam sedikit. Cuci hingga bersih kemudian sisihkan dulu. Tumis sisa (1/2 bagian) bumbu halus. Tambahkan daun mangkokan, asam kandis, lengkuas, daun sop, dan daun bawang. Aduk hinga layu. Tambahkan kelapa sangrai. Masukkan santan, garam, gula dan merica. Aduk rata. Masak hingga kuahnya mengental. Koreksi rasa. Potong-potong ikan atau buka bungkusan ikan. Siram dengan kuah kental. Pendap khas bengkulu sudah siap untuk dihidangkan."
64,Bengkulu,Gulai Iga Kembang'ang,"500 gram iga sapi, 350 ml santan kental, 100 gram kelapa sangrai, dihaluskan, Bumbu: 100 gram daun pakis, 3 sendok makan minyak untuk menumis, 1 lembar daun salam, 1 sendok teh garam, 1 buah asam kandis, Bumbu yang dihaluskan: 6 buah bawang merah, 5 buah cabai merah, 3 siung bawang putih, 2 cm kunyit, 2 cm jahe, 1 sendok teh ketumbar","Panaskan minyak, tumis bumbu halus, daun salam, asam kandis, hingga harum, kemudian masukkan iga sapi, masak sampai iga berubah warna. Masukkan santan cair ke dalamnya, masak sampai iga menjadi empuk. Tuangkan santan kental, tambahkan kelapa sangrai, masak hingga menjadi berminyak. Terakhir, masukkan daun pakis, masak sebentar sampai daun pakis matang. Gulai Iga Kemba’ang siap disajikan."
65,Bengkulu,Bagar Hiu,"1 kg ikan hiu. 600 ml air. 1 ibu jari asam jawa di kasih sedikit air/3 potong asam potong. 3-4 sdm cabe merah halus. 3-4 sdm kelapa goreng. Secukupnya Garam. Secukupnya Penyedap rasa, Minyak utk menumis. 1 bh jeruk nipis. Bumbu yang di haluskan: 2 ½ sdm ketumbar. ½ sdt merica. 1 bh bintang (pekak, kadang disebut kembang lawang atau pekak.) 2 bh kapulaga. 3 bh cengkeh. 1 bh cabe jawa. Secukupnya pala. 1 jari lengkuas. ½ jari jahe dan kunyit. 2 batang serai. 3 lembar daun jeruk/salam. 10 bh bawang merah. 8-10 bawang putih.","Ikan hiu dibersihkan, buang kulitnya lalu beri perasaan jeruk nipis. Tambahkan bumbu halus, cabe, dan kelapa goreng kedalam ikan. Aduk rata, lalu diamkan selama ¼-½ jam hingga bumbu resap. Tumis ikan dengan sedikit minyak. Aduk rata lalu masukan air asam dan air masak sampai mendidih lalu tambahkan garam dan penyedap rasa secukupnya. Masak sampai air sedikit susut, tes rasa bila gulai sudah masak angkat masukan ke wadah taburkan bawang goreng."
66,Bengkulu,Gulai Ayam Undak Teghung,"1 kg ayam, 500 gram santan kental, 500 gram terong bulat / Teghung(bahasa Manna), 1000 ml air bersih, 2 Sdm air asam Jawa / 1 asam kandis, Bumbu - Bumbu Halus: 250 gram cabe merah halus(sesuai selera), 10 siung bawang merah, 5 siung bawang putih, 1 ruas jari kunyit, 4 ruas jari lengkuas/laos, 1 ruas jari jahe, 1 sdm ketumbar, 5 lembar daun salam,3 lembar daun jeruk, 2 batang serai memarkan, 20 buah cabe rawit bulat, 3 batang daun bawang, 2 Sdm garam (secukupnya), 1/2 Sdm kaldu bubuk / penyedap, 1/2 Sdm gula putih","Bersihkan & Siapkan semua bahan, ayam potong sesuai selera. Kebetulan saya menggunakan kebanyakan sayap ayam. Teghung/terong di biarkan bulat hanya di belah 4 tengahnya biar bumbu meresap. Masukan air ke kuali, tambahkan santan, & cabe. Masukan juga bumbu halus, aduk hingga rata. Kemudian masukan juga bumbu daun. Aduk hingga mendidih jangan sampai santan pecah. Setelah mendidih masukan ayam.kembali aduk hingga kuah Tanak/ masak, tanda kuah Tanak mulai mengeluarkan minyak minyak dari santan. Kemudian tambahkan cabe rawit, masukan Teghung /terong. Dan masukan juga air asam jawa. Selanjutnya masukan garam, kaldu bubuk/ penyedap, gula, daun bawang. Masak hingga Teghung/ terong lembut atau matang, setelah matang koreksi rasa, angkat dan sajikan."
67,Bengkulu,Gulai Bungo Sesilo,"200 gr Bunga Pepaya Segar, 1/2 papan Tempe, dipotong dadu, 1 bungkus Santan Instan (65 ml), 800 ml Air, 5 lembar Daun Jambu Biji, 1 buah Asam Kandis, 20 gr Ikan Teri Jengki/sesuai selera, Bumbu Halus: 30 gr Cabe Merah Keriting, 3 buah Bawang Merah, 3 lembar Daun Salam, 1 siung Bawang Putih, 1 ruas jari Kunyit, 1 ruas jari Jahe, 1 ruas jari Lengkuas, Garam, Kaldu Bubuk dan Gula Pasir sesuai selera","Rendam ikan asin dengan air panas selama 10 menit, lalu bilas dengan air bersih. Tiriskan dan sisihkan. Remas-remas bunga pepaya dengan menambahkan sedikit garam, bilas dengan air sampai warna air bening. Rebus bersama dengan daun jambu biji, sampai empuk. Angkat dan tiriskan. Siapkan kuali, masukan air. Masukan santan dan bumbu aduk rata terus sampai mendidih. Jangan sampai santan pecah. Masukan ikan teri,tempe dan asam kandis. Lalu bunga pepaya dan daun salam, masak hingga santan tanak (sedikit mengeluarkan minyak) tanda santan sudah masak. Kasih garam, kaldu bubuk, gula pasir. Koreksi rasa, angkat dan sajikan."
68,Bengkulu,Lontong Tunjang,"1500 ml air (500 ml utk merebus, 1000 ml utk kuah), 500 ml santan kental, 250 gram nangka muda, 250 gram kacang buncis, 25 gram ikan teri, 10 Bks lontong daun, Secukupnya garam, Secukupnya kaldu bubuk/ penyedap rasa, Bahan Bumbu kuning : 10 siung bawang merah, 6 lembar daun salam, 5 siung bawang putih, 1 cm lengkuas, 1 cm jahe, 1 cm kunyit, 1 batang serai, Bahan Sambal : 100 gram cabe merah, 100 ml minyak goreng, 75 gram ikan teri","Rebus nangka hingga empuk, potong-potong kacang buncis. Bersihkan kototran ikan teri dengan cara dibelah dua, lalu cuci hingga bersih. Membuat gulai/kuah lontong : Campurkan air, santan dan semua bumbu halus (bahan bumbu kuning) bersama rebusan nangka. Masak kuah hingga mendidih, aduk terus jangan sampai pecah santannya. Masukan kacang buncis dan ikan teri. Lalu kasih garam, penyedap rasa/kaldu bubuk. masak hingga kacang buncis empuk. Angkat lalu sisihkan. Membuat sambal : Haluskan cabe dan bawang putih. Panaskan minyak goreng, masukan bahan sambal, lalu masak dengan api sedang selama ± 5 menit. Tambahkan garam dan penyedap rasa,sambil terus diaduk. Setelah matang, angkat dan sisihkan. Cara penyajian: Potong lontong sesuai selera, letakkan di atas piring saji, lalu siram dengan kuah, taburi dengan bawang goreng dan kerupuk. Tambahkan sambal sesuai selera."
69,Bengkulu,Lemea,"1 mangkok Lemea siap olah, 20 buah cabai merah, Secukupnya garam dan penyedap rasa, 3 gelas air bersih, Bahan pelengkap, 2 ekor Ikan Nila yang telah digoreng, 5 buah Terong hijau, 1/2 ons Kabau","Giling cabai hingga halus. Siapkan wajan masukkan Lemea dan air sebanyak 3 gelas. Masukkan cabai yang sudah digiling, terong yang sudah dipotong-potong, serta kabau yang sudah di geprek. Tambahkan garam dan penyedap rasa secukupnya. Masukkan ikan yang telah digoreng sebelumnya. Tutup wajan hingga Lemea mendidih dan airnya menyusut, dan jangan lupa cek rasa"
70,Bengkulu,Gulai Liling Rebung Asam,"500 gram siput sungai(Liling panjang), 300 gram rebung asam, 250 gram santan kental, 1000 ml air bersih / 1 litee, Bahan Bumbu: 3 siung bawang merah, 3 siung bawang putih, 1 ruas jari jahe, 1 ruas jari kunyit, 1 ruas jari Laos/lengkuas, 50 gram cabe merah, Secukupnya garam, 1 Bks kaldu bubuk","siapkan semua bahan. Buang pantat siputnya dg cara memotong pantatnya,(saya minta tolong penjualnya)biar bisa di cucup pada saat menikmati/memakanya. Lalu cuci bersih dg menggosoknya berulang ulang, sampai air cucianya jernih tidak keruh lagi, haluskan bumbu, cuci bersih rebung nya. Siapkan kuali, masukan air, santan dan masukan juga bumbu halusnya. Tambahkan juga Laos geprek, masukan juga rebung asamnya, aduk hingga rata, dan mendidih jika sudah mendidih masukan siputnya. Masak ±15 menit tambahkan garam dan kaldu bubuk, koreksi rasa. Angkat. Sajikan."
71,Jambi,Nasi Minyak,"2 kg beras, 1 buah nanas, parut, 1.5 botol saos tomat, 1 kaleng susu beard brand, 1/2 kaleng susu kental manis, 1/2 kg Minyak Samin Minyak untuk menumis, 40 lembar daun kari, 20 butir Bawang Merah, iris, 2 butir bawang bombay, iris, 10 butir bawang putih, haluskan, 10 ons jahe, haluskan, Tomat Cincang Kasar, secukupnya Bubuk Kari, Bumbu rempah : 2 sdt Jinten, 2 sdt adas manis, 10 butir Kapulaga, 1 buah Pala, 4 buah kiamis, 5 buah pekak/Pekak, 4 buah cengkeh","Bumbu rempah, dibagi 2. 1 bagian di haluskan dan 1 bagian geprek kasar. Rebus semua bumbu dengan air sampai mendidih. Note : Air disesuaikan dengan beras yang akan dimasak. Setelah bumbu direbus, lalu saring. Sisihkan airnya. Tumis bawang merah dan bawang bombay sampai layu dan harum. Masukan bumbu bawang putih dan jahe yang sudah di haluskan. Masak sampai harum. Lalu masukan saos tomat, tomat cincang, bubuk kari dan minyak samin. Aduk rata. Masukan beras yang sebelumnya sudah dicuci bersih. Masukan lagi susu bear brand, susu kental manis, dan nanas parut. Aduk rata lalu masukan air rempah yang sudah disaring tadi. (note : Sesuaikan air rempah dengan jumlah beras). Masukan garam, daun kari dan penyedap. Tanak nasi sampai air mengering. Kukus Nasi sampai matang. Hidangkan dengan taburan bawang goreng, di temani dengan kari sapi/kari ayam/kari kambing/malbi, sambal nanas dan acar timun."
72,Jambi,Gulai Tepek Ikan,"8 ons tepek yg siap d gulai, 1 1/2 ons bawang merah, 1 ruas kunyit, 4 siung bawang putih, 1 ons cabe merah besar, 1 ruas jahe, 1 ruas lengkuas, 1 btg serai ambil putihnya aja, Ketumbar secukupnya(kl sy pakai satu gengam.) Adas manis sdkit aja, 1/2 buah pala, Cengkeh secukupnya dikit, Daun salam 3 atau 4 lmbar, 2 Daun jeruk, 1/2 buah nanas kupas cuci potong2, 3 buah kelapa parut ambil santannya, secukupnya Gula, secukupnya Garam","Haluskan bawang merah bawang putih,laus,sre,kunyit,jhe,cabe,sisakan bawang merah sedikit utk iris menumis nanti. Katumbar,cengkh,adas manis n buah palo semua ni d gonseng lalu d giling,jng d blender ya bun. Tumis bawang iris,bumbu yg d haluskan td smpai hrum lalu msukan santan,daun2 td,msak smpai santan menyusut,lalu masukan tepek n nanas td,+ garm gula masak smpai lembut n mtang tes rasa,klu sdh pas angkt sajikan,selamat mencoba."
73,Jambi,Kerutup Ikan,"1 ekor ikan nila cukup besar,bisa juga diganti dengan ikan mujair, Secukupnya air perasan jeruk nipis, Secukupnya garam untuk melumuri ikan, 2 bh cabe merah besar, iris serong tipis, 3 siung bawang merah, iris tipis, Secukupnya daun pisang, jemur /panaskan diatas kompor sampai layu, Secukupnya batang daun pisang, potong tipis meyerupai tali, 1 sdt air asam jawa dari 1 sdt air asam jawa ditambah sedikit air, Secukupnya garam, Secukupnya gula, Secukupnya kaldu jamur/penyedap, Bumbu halus : 3 siung bawang merah, 2 siung bawang putih, 2 btr kemiri, sangrai, 1 cm kunyit, kupas, 1/2 sdt ketumbar, 2 bh cabe rawit merah","Bersihkan ikan dari sisik,isi perut dan insangnya. Kucuri perasan jeruk nipis & garam. Diamkan 5-10mnt. Cuci bersih. Kemudian kerat kerat ikan. Campur jadi satu bumbu halus, irisan cabe, bawang, garam, gula & kaldu jamur/penyedap. Cek rasa sampai pas. Masukkan ikan, kemudian lumuri sempurna. Diamkan terlebih dahulu selama 30mnt dalam kulkas. Siapkan secukupnya daun pisang, letakkan ikan dan bumbunya diatasnya. Lalu bungkus ikan tersebut dengan daun pisang. Dan saya ikat bungkusan daun pisang tersebut dengan menggunakan tali dari batang daun pisang supaya posisinya tidak berubah saat di bolak balik (optional, tambahan dari saya). Atau bisa juga dengan menyematkan lidi atau tusuk gigi disetiap ujungnya. Saya tidak pakai karena tidak ada. Panaskan sedikit minyak goreng diatas api kecil,kemudian goreng bungkusan ikan sambil ditutup sampai kedua sisi matang. Tanda ikan sudah matang bisa dilihat dari warna daun pisang yang berubah agak kecoklatan dan layu. Matikan api. Angkat.keluarkan dari bungkusnya. Sajikan."
74,Jambi,Daging Masak Itam,"500 gr daging sapi, potong kecil, 2 sdm kelapa sangrai yg sdh di haluskan sampai berminyak, 2 sdm minyak sayur, 3 sdm minyak samin (boleh ganti margarin klo gak ada), 1 ons tomat merah besar (2 buah), haluskan/blender tanpa air, 1 btg serai, memarkan, 1 cm lengkuas, memarkan, 2 lembar daun salam, 5 cm kiamis, 3 sdm kecap manis, 1 sdm kecap asin, ± 750 ml santan (secukup nya), 1,5 sdt garam, 2 sdt gula, Bumbu Halus : (di uleg/digiling) 3 buah cengkeh, 1/2 buah pala, 1 sdt lada/merica bulat, 1/2 sdt adas manis, 2 butir kemiri, sangrai, Bumbu halus lain nya (boleh di blender) 10 buah Cabe merah keriting/ sesuai selera, 10 buah bawang merah, 6 siung bawang putih, 2 cm jahe","Panaskan minyak + minyak samin. Tumis semua bumbu halus, daun salam, serai dan lengkuas hingga harum dan matang. Masukkan daging, aduk rata. Masak hingga daging berubah warna. Tuang santan, aduk rata. Masak hingga daging matang. Masukkan tomat yg sdh di haluskan dan kelapa sangrai halus. Bumbui garam gula, kecap manis dan kecap asin. Masak hingga kuah menyusut dan daging empuk. Koreksi rasa. Angkat. (NOTE : bila daging belum empuk, silahkan tambah air). Sajikan daging masak hitam bersama acar timun dan nasi minyak (khas Jambi)."
75,Jambi,Soto Semurup,"1/2 daging sapi, air, 3 cm lengkuas, memarkan, 2 batang serai, memarkan, 3 butir kapulaga, 5 butir cengkeh, 2 pekak/pekak, 5 lembar daun jeruk, garam secukupnya, 1 sdt merica bubuk, 1 sdt bubuk kari, 2 batang daun bawang, iris, minyak, untuk menumis, Bahan Halus: 12 butir bawang merah, 7 siung bawang putih, 3 cm jahe, 1 cm kunyit","Rebus daging bersama lengkuas dan garam hingga lunak, angkat dan tiriskan daging serta saring kaldunya. Panaskan minyak, tumis bumbu halus hingga harum, tambahkan serai, daun jeruk, kapulaga, cengkeh, dan bunga lawang. Tuang sisa air kaldu beserta dagingnya, tambahkan garam, bubuk kari, dan merica. Didihkan dengan api kecil, lalu masukkan daun bawang. Tiriskan daging dan potong pipih. Jika ingin kriuk-kriuk daging digoreng terlebih dahulu, atau bisa langsung sajikan. Siapkan mangkuk lalu, masukan bahan pelengkap soto yakni soun, perkedel, daging yang kita iris tadi dan kuah soto. Taburi bawang goreng dan daun bawang."
76,Jambi,Gulai Terjun,"1/2 kg daging sapi, 3 buah cabe merah besar, 4 buah cabe rawit merah, 2 siung bawang putih, 4 butir bawang merah, 1/2 sendok teh adas manis, 1/4 buah biji pala, 1 cm kunyit, 1 cm jahe, 2 cm lengkuas, 1 sendok teh ketumbar, 1 batang serai geprek, 2 lembar daun jeruk, 2 buah asam kandis, 100 gr cabe hijau keriting, 1 gelas santan kental, 500 ml air, 100 gr kelapa parut untuk di sangrai, Bawang goreng untuk taburan, secukupnya Garam","Potong daging sapi kecil-kecil, kemudian cincang biar nantinya bumbu meresap ke dalam daging dan daging cepat matang. Cara membuat sangrai kelapa : kelapa parut sangrai sampai kering kekuningan, kemudian haluskan dengan sedikit air. Sisihkan. Haluskan bumbu : cabe merah, cabe rawit, bawang putih, bawang merah, kunyit, jahe, lengkuas, adas manis, ketumbar, pala, kecuali sereh, daun jeruk dan asam kandis biarkan utuh. Siapkan panci, masukkan daging yang sudah di potong-potong tadi, tuang bumbu yang sudah dihaluskan, tambahkan sereh, asam kandis, santan, air, masak hingga daging terendam air, tutup pancinya, biarkan sampai mendidih dan matang, kira-kira 30 menit. Sesekali aduk-aduk biar santan tidak meluber ke panci. Setelah 30 menit masukkan kelapa sangrai yang sudah dihaluskan tadi, tambahkan garam dan cabe hijau keriting, aduk-aduk, biarkan mendidih selama 10 menit lagi, selesai. Gulai terjun siap dinikmati."
77,Jambi,Sate Rangkayo Hitam,"250 gr tempe, potong dadu, 100 gr kacang tanah, goreng dan giling halus, 50 gr gula aren, 1 sdm gula pasir, 1 sdm kecap manis, ½ sdt asam jawa, 1 sdt penyedap rasa, ½ sdt garam halus, 3 lbr daun salam, 3 lbr daun jeruk purut, 300 ml santan kelapa dengan kekentalan sedang, 5 sdm minyak sayur, Bumbu halus: ½ sdm ketumbar sangrai, 50 gr cabe merah keriting, 30 gr cabe rawit merah besar, 30 gr bawang putih, 20 gr bawang merah, Bahan pelengkap: 3 buah lontong daun, 1 buah jeruk kunci, Acar timun dan wortel, Bawang merah goreng","Panaskan minyak sayur dengan api sedang, tumis bumbu halus, daun salam, daun jeruk purut hingga tidak berbau langu. Masukkan kacang tanah, asam jawa, kecap manis, gula aren, gula pasir, penyedap rasa, dan garam halus, aduk rata. Tuangkan santan kelapa dan masak hingga gula larut. Masukkan potongan tempe, aduk rata dan masak hingga meresap dan kuah kacang mengental. Matikan kompor dan biarkan hingga uap panasnya hilang. Tusuk tempe berbumbu dengan tusuk sate dan panggang. Sajikan sate Rangkayo Hitam bersama saus kacang, lontong, acar timun, dan wortel, perasan sari jeruk kunci jika suka serta beri taburan bawang merah goreng."
78,Jambi,Nasi Gemuk,"3 cup beras, Secukupnya air untuk menanak nasi, 1 ruas lengkuas, geprek, 1 batang serai, geprek, 1 lembar daun salam, 2 lembar daun pandan, simpulkan, 1 lembar daun jeruk, sobek-sobek, 1 bungkus santan instant, ukuran 65 gr, Bumbu yang dihaluskan: 5 siung bawang merah, 3 siung bawang putih, 1 sdt ketumbar, 1/4 sdt jintan, 1 sdt garam, Pelengkap: Secukupnya suwiran ayam, Secukupnya kacang tanah goreng, Secukupnya teri/ikan asin goreng, 4 butir telur rebus, Secukupnya sambal terasi","Cuci beras lalu tempatan pada panci penanak, beri sebagian bumbu halus dan aneka rempah daunnya serta santan. Tuang air sebagaimana ukuran memasak nasi. Masak dengan menggunakan magic com. Biarkan matang dan tanak. Bahan ayam suwir: rebus dada ayam dengan sisa bumbu halus tadi. Beri daun jeruk dan salam. Masak hingga bumbu menyusut dan ayam empuk. Suwir-suwir. Sajikan nasi gemuk bersama pelengkapnya."
79,Jambi,Gulai Talang,"500 gr Ayam, secukupnya Minyak u/ menumis, 500-700 ml Air, secukupnya Gula, Garam dan Kaldu Bubuk, Bumbu Halus: 6 buah Bawang Merah, 3 siung Bawang Putih, 1/2 sdt Ketumbar, 2 ruas Kunyit, 1 ruas Lengkuas, 1 ruas Jahe, 1/2 ons / 15 gr Cabe Rawit Hijau, Rempah-rempah: 1 batang Serai, 2 helai Daun Jeruk, 2 helai Daun Salam, 1 jempol Asam Jawa, Bahan Tambahan: 4 buah Bawang Merah, iris tipis, 1 siung Bawang Putih, iris tipis, secukupnya Cabe Rawit Hijau utuh","Goreng hingga kecoklatan Bawang Merah dan Putih, angkat sisihkan. Tumis Bumbu Halus hingga harum. Tambahkan Rempah-rempah. Masak Bumbu Halus hingga tanak. ± 3 mins masukkan Ayam, aduk merata. Biarkan hingga 5 mins supaya bumbu merasuk"
80,Jambi,Rendang Khas Jambi,"500 gram daging sapi, potong kotak tipis memotong serat, 4 gelas santan encer dari 1,5 kelapa tua, 1 buah pekak, 2 lembar daun salam, 5 lembar daun jeruk, 1/2 lembar daun kunyit, 2 batang kiamis, 2 buah cengkeh, 1 sdt kaldu sapi bubuk, 1 sdt garam, Secukupnya kecap manis, 5 sdm minyak goreng, 150 gram kelapa parut, sangrai, ulek hingga berminyak, Bumbu yang dihaluskan: 15 buah cabe merah keriting, 8 siung bawang merah, 3 siung bawang putih, 4 butir kemiri, 2 ruas laos/lengkuas, 2 ruas jahe, 1 batang serai, 1 sdt ketumbar, 1/2 sdt merica, 1/4 sdt jintan, 1/4 bagian buah pala","Panaskan minyak, tumis bumbu halus sampe harum. Masukkan semua sisa bahan termasuk daging, kecuali santan kental dan kelapa sangrai. Didihkan dengan api sedang sampai daging empuk sambil sesekali diaduk. Setelah daging mulai empuk, masukkan santan kental, masak hingga kuah hampir susut sambil terus diaduk agar bagian bawah tidak gosong. Lalu masukkan kelapa sangrai, masak hingga kuah kering. Koreksi rasa. Sajikan."
